-- phpMyAdmin SQL Dump
-- version 4.2.11
-- http://www.phpmyadmin.net
--
-- Host: 127.0.0.1
-- Generation Time: Jan 16, 2017 at 12:18 PM
-- Server version: 5.6.21
-- PHP Version: 5.5.19

SET SQL_MODE = "NO_AUTO_VALUE_ON_ZERO";
SET time_zone = "+00:00";


/*!40101 SET @OLD_CHARACTER_SET_CLIENT=@@CHARACTER_SET_CLIENT */;
/*!40101 SET @OLD_CHARACTER_SET_RESULTS=@@CHARACTER_SET_RESULTS */;
/*!40101 SET @OLD_COLLATION_CONNECTION=@@COLLATION_CONNECTION */;
/*!40101 SET NAMES utf8 */;

--
-- Database: `dorochat`
--

-- --------------------------------------------------------

--
-- Table structure for table `attachment`
--

CREATE TABLE IF NOT EXISTS `attachment` (
  `id` int(120) NOT NULL,
  `image_name` varchar(230) NOT NULL,
  `date` varchar(23) NOT NULL
) ENGINE=InnoDB DEFAULT CHARSET=latin1;

--
-- Dumping data for table `attachment`
--

INSERT INTO `attachment` (`id`, `image_name`, `date`) VALUES
(1, '1463539883.gif', '1463539883'),
(2, '1463539923W_OF_AFRICA___OFFERS.docx', '1463539923'),
(3, '1463562134.jpg', '1463562134'),
(4, '1463648286.jpg', '1463648286'),
(5, '1463648886_Mukunde.jpg', '1463648886'),
(6, '1468346569854_888439654599702_1451167394520763628_n.jpg', '1468346569'),
(7, '1470432856.png', '1470432856'),
(8, '1477670266.gif', '1477670267');

-- --------------------------------------------------------

--
-- Table structure for table `attachment_owners`
--

CREATE TABLE IF NOT EXISTS `attachment_owners` (
  `id` int(120) NOT NULL,
  `user_id` int(120) NOT NULL,
  `attach_id` int(11) NOT NULL,
  `c_id` int(120) NOT NULL,
  `date` varchar(23) NOT NULL
) ENGINE=InnoDB DEFAULT CHARSET=latin1;

--
-- Dumping data for table `attachment_owners`
--

INSERT INTO `attachment_owners` (`id`, `user_id`, `attach_id`, `c_id`, `date`) VALUES
(1, 8, 1, 5, '1463539883'),
(2, 7, 2, 5, '1463539923'),
(3, 8, 3, 7, '1463562134'),
(4, 10, 4, 8, '1463648286'),
(5, 12, 5, 9, '1463648886'),
(6, 14, 6, 11, '1468346569'),
(7, 3, 7, 14, '1470432856'),
(8, 6, 8, 4, '1477670267');

-- --------------------------------------------------------

--
-- Table structure for table `conversation`
--

CREATE TABLE IF NOT EXISTS `conversation` (
`coID` int(11) NOT NULL,
  `coUserOne` int(11) NOT NULL,
  `coUserTwo` int(11) NOT NULL,
  `coIP` varchar(30) DEFAULT NULL,
  `blocked` int(2) NOT NULL,
  `blockedBy` int(2) NOT NULL,
  `coTime` datetime DEFAULT NULL
) ENGINE=InnoDB AUTO_INCREMENT=24 DEFAULT CHARSET=utf8;

--
-- Dumping data for table `conversation`
--

INSERT INTO `conversation` (`coID`, `coUserOne`, `coUserTwo`, `coIP`, `blocked`, `blockedBy`, `coTime`) VALUES
(10, 3, 1, '127.0.0.1', 0, 0, '2017-01-11 06:15:43'),
(11, 3, 2, '127.0.0.1', 0, 0, '2017-01-11 06:16:44'),
(12, 3, 7, '127.0.0.1', 0, 0, '2017-01-11 06:17:04'),
(13, 1, 2, '127.0.0.1', 0, 0, '2017-01-12 06:18:32'),
(14, 8, 1, '127.0.0.1', 0, 0, '2017-01-13 11:19:33'),
(15, 8, 6, '127.0.0.1', 0, 0, '2017-01-13 02:13:10'),
(16, 8, 7, '127.0.0.1', 0, 0, '2017-01-13 02:13:52'),
(17, 8, 5, '127.0.0.1', 0, 0, '2017-01-13 02:14:01'),
(18, 8, 4, '127.0.0.1', 0, 0, '2017-01-13 02:14:12'),
(23, 8, 2, '127.0.0.1', 0, 0, '2017-01-16 06:16:55');

-- --------------------------------------------------------

--
-- Table structure for table `conversation_reply`
--

CREATE TABLE IF NOT EXISTS `conversation_reply` (
`crID` int(11) NOT NULL,
  `crReply` text,
  `crUserFK` int(11) NOT NULL,
  `crIP` varchar(30) NOT NULL,
  `crTime` datetime NOT NULL,
  `crConFK` int(11) NOT NULL,
  `attachment` int(2) NOT NULL,
  `user_one_read` int(2) NOT NULL,
  `user_two_read` int(2) NOT NULL
) ENGINE=InnoDB AUTO_INCREMENT=652 DEFAULT CHARSET=utf8;

--
-- Dumping data for table `conversation_reply`
--

INSERT INTO `conversation_reply` (`crID`, `crReply`, `crUserFK`, `crIP`, `crTime`, `crConFK`, `attachment`, `user_one_read`, `user_two_read`) VALUES
(1, 'Hey Bro whatsapp', 3, '127.0.0.1', '2017-01-11 06:15:43', 10, 0, 1, 1),
(2, 'Hey Gentleman', 3, '127.0.0.1', '2017-01-11 06:16:44', 11, 0, 1, 1),
(3, 'Ugambaki..??', 3, '127.0.0.1', '2017-01-11 06:16:54', 11, 0, 1, 1),
(4, 'Hey Man', 3, '127.0.0.1', '2017-01-11 06:17:04', 12, 0, 1, 0),
(5, 'hey', 3, '127.0.0.1', '2017-01-11 06:17:35', 11, 0, 1, 1),
(6, 'whatsapp..??', 3, '127.0.0.1', '2017-01-11 06:17:40', 11, 0, 1, 1),
(7, 'Nothing @ all, what Abt u..??', 2, '127.0.0.1', '2017-01-11 06:17:59', 11, 0, 1, 1),
(8, ' :kissing_smiling_eyes: :kissing_smiling_eyes: :kiss:', 2, '127.0.0.1', '2017-01-11 06:20:03', 11, 0, 1, 1),
(9, 'whatsApp', 2, '127.0.0.1', '2017-01-11 06:20:08', 11, 0, 1, 1),
(10, 'Hey Man what Up bro', 3, '127.0.0.1', '2017-01-11 06:36:46', 12, 0, 1, 0),
(11, 'Am pissed of B ro', 3, '127.0.0.1', '2017-01-11 06:37:13', 12, 0, 1, 0),
(12, 'Hey', 1, '127.0.0.1', '2017-01-11 06:48:48', 10, 0, 1, 1),
(13, 'Man', 1, '127.0.0.1', '2017-01-11 06:48:51', 10, 0, 1, 1),
(14, 'whatsapp overthere', 1, '127.0.0.1', '2017-01-11 06:48:56', 10, 0, 1, 1),
(15, 'Am starting to miss u man', 1, '127.0.0.1', '2017-01-11 06:49:05', 10, 0, 1, 1),
(16, 'kirikitya Gwe.>??', 1, '127.0.0.1', '2017-01-11 06:49:13', 10, 0, 1, 1),
(17, 'Mwanagwe ', 1, '127.0.0.1', '2017-01-11 06:49:16', 10, 0, 1, 1),
(18, 'Ure Lost Man', 1, '127.0.0.1', '2017-01-11 06:49:21', 10, 0, 1, 1),
(19, 'Hmm ', 1, '127.0.0.1', '2017-01-11 06:49:24', 10, 0, 1, 1),
(20, 'KNDNSACXZ', 1, '127.0.0.1', '2017-01-11 06:49:26', 10, 0, 1, 1),
(21, 'ASXC', 1, '127.0.0.1', '2017-01-11 06:49:34', 10, 0, 1, 1),
(22, 'SDXZC', 1, '127.0.0.1', '2017-01-11 06:49:37', 10, 0, 1, 1),
(23, 'SDFXC', 1, '127.0.0.1', '2017-01-11 06:49:40', 10, 0, 1, 1),
(24, 'SDFCX', 1, '127.0.0.1', '2017-01-11 06:49:42', 10, 0, 1, 1),
(25, 'SDFFCX', 1, '127.0.0.1', '2017-01-11 06:49:45', 10, 0, 1, 1),
(26, 'DFCX', 1, '127.0.0.1', '2017-01-11 06:49:47', 10, 0, 1, 1),
(27, 'DC', 1, '127.0.0.1', '2017-01-11 06:49:50', 10, 0, 1, 1),
(28, 'DDFVCX', 1, '127.0.0.1', '2017-01-11 06:49:52', 10, 0, 1, 1),
(29, 'DFCX', 1, '127.0.0.1', '2017-01-11 06:49:55', 10, 0, 1, 1),
(30, 'DCXV', 1, '127.0.0.1', '2017-01-11 06:49:57', 10, 0, 1, 1),
(31, 'DC', 1, '127.0.0.1', '2017-01-11 06:50:00', 10, 0, 1, 1),
(32, 'CX', 1, '127.0.0.1', '2017-01-11 06:50:02', 10, 0, 1, 1),
(33, 'VDDC', 1, '127.0.0.1', '2017-01-11 06:50:05', 10, 0, 1, 1),
(34, ' :kissing_smiling_eyes: :kiss:', 1, '127.0.0.1', '2017-01-11 06:50:31', 10, 0, 1, 1),
(35, 'sdfcvx', 1, '127.0.0.1', '2017-01-11 06:52:50', 10, 0, 1, 1),
(36, 'sdfcvx', 1, '127.0.0.1', '2017-01-11 06:52:52', 10, 0, 1, 1),
(37, 'asxcz', 3, '127.0.0.1', '2017-01-11 06:53:10', 12, 0, 1, 0),
(38, 'asdfcxv', 3, '127.0.0.1', '2017-01-11 06:53:12', 12, 0, 1, 0),
(39, 'sdwedsf', 3, '127.0.0.1', '2017-01-11 06:53:15', 12, 0, 1, 0),
(40, 'csdfcv', 3, '127.0.0.1', '2017-01-11 06:53:18', 12, 0, 1, 0),
(41, 'Are u sure Bro..??', 3, '127.0.0.1', '2017-01-11 06:53:44', 10, 0, 1, 1),
(42, 'You have to be serious..??', 3, '127.0.0.1', '2017-01-11 06:53:55', 10, 0, 1, 1),
(43, 'are u getting the poing..?', 3, '127.0.0.1', '2017-01-11 06:54:04', 10, 0, 1, 1),
(44, 'Hello there..??', 3, '127.0.0.1', '2017-01-11 07:37:11', 10, 0, 1, 1),
(45, 'Ugambaki bro..??', 3, '127.0.0.1', '2017-01-11 07:37:17', 10, 0, 1, 1),
(46, 'Seems yre Lost', 3, '127.0.0.1', '2017-01-11 07:37:23', 10, 0, 1, 1),
(47, 'Just Tell me what you think i will help u', 3, '127.0.0.1', '2017-01-11 07:37:36', 10, 0, 1, 1),
(48, ' :japanese_ogre: :japanese_ogre: :shit:', 3, '127.0.0.1', '2017-01-11 07:37:49', 10, 0, 1, 1),
(49, ' :two_women_holding_hands: :two_women_holding_hands:', 3, '127.0.0.1', '2017-01-11 07:38:57', 10, 0, 1, 1),
(50, ' :stuck_out_tongue_closed_eyes: :stuck_out_tongue_closed_eyes:', 3, '127.0.0.1', '2017-01-11 07:40:12', 10, 0, 1, 1),
(51, ' :person_with_pouting_face: :person_with_pouting_face: :person_with_pouting_face:', 3, '127.0.0.1', '2017-01-11 07:40:17', 10, 0, 1, 1),
(52, ' :love_letter: :love_letter:', 3, '127.0.0.1', '2017-01-11 07:44:14', 12, 0, 1, 0),
(53, 'Hey Man', 3, '127.0.0.1', '2017-01-12 06:09:15', 10, 0, 1, 1),
(54, ' :sleepy: :sleepy: :shit: :shit: whatSapp bro..??', 3, '127.0.0.1', '2017-01-12 06:09:29', 10, 0, 1, 1),
(55, 'Ahhh Am', 3, '127.0.0.1', '2017-01-12 06:10:24', 10, 0, 1, 1),
(56, 'ok Man', 3, '127.0.0.1', '2017-01-12 06:10:29', 10, 0, 1, 1),
(57, ' :astonished: :kissing_heart: Thats Crazy Bro', 3, '127.0.0.1', '2017-01-12 06:10:46', 10, 0, 1, 1),
(58, 'Hey Man Thanks u', 1, '127.0.0.1', '2017-01-12 06:11:05', 10, 0, 1, 1),
(59, ' :ear: :girl: whats Going on Man', 1, '127.0.0.1', '2017-01-12 06:11:25', 10, 0, 1, 1),
(60, 'Yre Fucking Lost, you know That dont you..??', 1, '127.0.0.1', '2017-01-12 06:11:46', 10, 0, 1, 1),
(61, ' :sleepy: :sleepy: :sleepy: :speech_balloon: :speech_balloon: No I dont Know Man', 3, '127.0.0.1', '2017-01-12 06:12:16', 10, 0, 1, 1),
(62, ' :kissing_smiling_eyes: :kissing_smiling_eyes: have u seen Smith that he''s Online Bro..??', 1, '127.0.0.1', '2017-01-12 06:14:06', 10, 0, 1, 1),
(63, 'U Have not didnt you..??', 1, '127.0.0.1', '2017-01-12 06:14:34', 10, 0, 1, 1),
(64, 'U have to change No matter what..??', 1, '127.0.0.1', '2017-01-12 06:14:43', 10, 0, 1, 1),
(65, 'Man', 1, '127.0.0.1', '2017-01-12 06:14:45', 10, 0, 1, 1),
(66, ' :worried: :worried: gwe why are u worried Man', 2, '127.0.0.1', '2017-01-12 06:16:03', 11, 0, 1, 1),
(67, 'ok Bro', 3, '127.0.0.1', '2017-01-12 06:16:23', 12, 0, 1, 0),
(68, 'dont worry Man', 3, '127.0.0.1', '2017-01-12 06:16:34', 12, 0, 1, 0),
(69, 'Ye Man', 2, '127.0.0.1', '2017-01-12 06:17:01', 11, 0, 1, 1),
(70, 'I can see We''re Now In touch Bro..?', 2, '127.0.0.1', '2017-01-12 06:17:11', 11, 0, 1, 1),
(71, ' :kiss: :kiss: :kiss: :speak_no_evil: Yah Now We''re.', 3, '127.0.0.1', '2017-01-12 06:17:33', 11, 0, 1, 1),
(72, 'Hey Bro, Whatsapp', 1, '127.0.0.1', '2017-01-12 06:18:32', 13, 0, 1, 1),
(73, 'Hey BroTher Whatsapp Man', 1, '127.0.0.1', '2017-01-12 06:19:56', 13, 0, 1, 1),
(74, ' :information_desk_person: :information_desk_person: :poop: I love This Shit Man', 2, '127.0.0.1', '2017-01-12 06:20:59', 13, 0, 1, 1),
(75, 'fgvnbm', 1, '127.0.0.1', '2017-01-12 06:27:49', 10, 0, 1, 1),
(76, ' :green_heart: :green_heart: thanks man', 3, '127.0.0.1', '2017-01-12 06:28:40', 11, 0, 1, 1),
(77, ' :lips: :haircut: :blush:', 1, '127.0.0.1', '2017-01-12 06:29:26', 13, 0, 1, 1),
(78, 'tgh', 1, '127.0.0.1', '2017-01-12 06:37:55', 10, 0, 1, 1),
(79, 'ghhhg', 1, '127.0.0.1', '2017-01-12 06:38:43', 13, 0, 1, 1),
(80, ' :worried: :v:', 1, '127.0.0.1', '2017-01-12 06:39:22', 13, 0, 1, 1),
(81, ' :kissing_smiling_eyes: :kissing_smiling_eyes: :open_mouth: :feet: :joy_cat: :clap:', 1, '127.0.0.1', '2017-01-12 06:39:28', 13, 0, 1, 1),
(82, ' :scream: :scream: :eyes:', 1, '127.0.0.1', '2017-01-12 06:39:35', 13, 0, 1, 1),
(83, ' :punch: :punch:', 1, '127.0.0.1', '2017-01-12 07:06:22', 13, 0, 1, 1),
(84, 'HEy Man', 1, '127.0.0.1', '2017-01-12 07:06:26', 13, 0, 1, 1),
(85, ' :guardsman: :fist: :heartbeat: :laughing: Am like ninja Guy...??', 1, '127.0.0.1', '2017-01-12 07:06:38', 13, 0, 1, 1),
(86, ' :stuck_out_tongue_closed_eyes:', 1, '127.0.0.1', '2017-01-12 07:07:52', 13, 0, 1, 1),
(87, 'Hey MAN', 1, '127.0.0.1', '2017-01-12 07:09:37', 13, 0, 1, 1),
(88, ' :couple_with_heart: :couple_with_heart: :open_mouth:', 1, '127.0.0.1', '2017-01-12 07:10:20', 10, 0, 1, 1),
(89, ' :grey_question: :sweat_drops: :heart_eyes: :cop: :man_with_gua_pi_mao: :older_woman:', 1, '127.0.0.1', '2017-01-12 07:10:31', 10, 0, 1, 1),
(90, ' :cookie: :doughnut: d u like this man', 1, '127.0.0.1', '2017-01-12 07:10:44', 10, 0, 1, 1),
(91, ' :kissing: :kissing:', 3, '127.0.0.1', '2017-01-12 07:44:38', 12, 0, 1, 0),
(92, ' :potato:', 3, '127.0.0.1', '2017-01-12 07:44:46', 12, 0, 1, 0),
(93, ' :stuck_out_tongue_closed_eyes: Hey Man', 2, '127.0.0.1', '2017-01-12 07:46:15', 13, 0, 1, 1),
(94, 'what Up Brother..??', 2, '127.0.0.1', '2017-01-12 07:46:20', 13, 0, 1, 1),
(95, 'hello There..?', 2, '127.0.0.1', '2017-01-12 07:46:36', 11, 0, 1, 1),
(96, 'Gwe..??', 3, '127.0.0.1', '2017-01-12 07:46:51', 10, 0, 1, 1),
(97, 'Man', 1, '127.0.0.1', '2017-01-12 07:47:18', 13, 0, 1, 1),
(98, 'whatsapp Bro>>', 1, '127.0.0.1', '2017-01-12 07:47:24', 13, 0, 1, 1),
(99, 'dfgdfgddfgdf', 1, '127.0.0.1', '2017-01-12 07:48:18', 13, 0, 1, 1),
(100, 'cgdfgfdgfghfghfgh :worried: :worried: :worried: Ugambaki Man..??', 1, '127.0.0.1', '2017-01-12 07:48:34', 13, 0, 1, 1),
(101, 'dfgfg', 1, '127.0.0.1', '2017-01-12 07:51:18', 10, 0, 1, 1),
(102, 'qfds', 3, '127.0.0.1', '2017-01-12 07:52:24', 10, 0, 1, 1),
(103, 'sdsadsad :shit: :shit:', 3, '127.0.0.1', '2017-01-12 07:52:35', 10, 0, 1, 1),
(104, 'ascxcx', 3, '127.0.0.1', '2017-01-12 07:52:53', 12, 0, 1, 0),
(105, 'assssssssssdsad :sunglasses: :sunglasses:', 3, '127.0.0.1', '2017-01-12 07:53:02', 10, 0, 1, 1),
(106, 'I can''t believe what Yre doing Man', 3, '127.0.0.1', '2017-01-12 07:53:27', 10, 0, 1, 1),
(107, 'asacz', 3, '127.0.0.1', '2017-01-12 07:53:48', 10, 0, 1, 1),
(108, 'asz', 3, '127.0.0.1', '2017-01-12 07:53:59', 10, 0, 1, 1),
(109, 'saz', 3, '127.0.0.1', '2017-01-12 07:54:04', 10, 0, 1, 1),
(110, 'Hey Man', 1, '127.0.0.1', '2017-01-12 07:56:09', 13, 0, 1, 1),
(111, 'jjjjjjjjjjjjjjjjjjjjjjjjjjjjjjjjjjjjjjjjjjjj', 3, '127.0.0.1', '2017-01-12 07:57:15', 10, 0, 1, 1),
(112, 'HMM', 3, '127.0.0.1', '2017-01-12 07:57:40', 10, 0, 1, 1),
(113, 'Hhehd', 3, '127.0.0.1', '2017-01-12 07:58:52', 10, 0, 1, 1),
(114, 'sdfsfsdf', 3, '127.0.0.1', '2017-01-12 07:58:58', 10, 0, 1, 1),
(115, 'ghjkg', 1, '127.0.0.1', '2017-01-12 07:59:43', 10, 0, 1, 1),
(116, 'gggggggggggggggggg', 1, '127.0.0.1', '2017-01-12 08:00:17', 10, 0, 1, 1),
(117, ' :stuck_out_tongue_closed_eyes: :raised_hands: :raised_hands:', 1, '127.0.0.1', '2017-01-12 08:01:02', 10, 0, 1, 1),
(118, ' :woman: :woman: :scream: :speech_balloon:', 1, '127.0.0.1', '2017-01-12 08:01:29', 10, 0, 1, 1),
(119, ' :smiley: :smiley: :stuck_out_tongue_winking_eye: :sleepy: whats'' going on Man', 1, '127.0.0.1', '2017-01-12 08:01:44', 10, 0, 1, 1),
(120, 'sdfsdfgdf', 1, '127.0.0.1', '2017-01-12 08:03:46', 10, 0, 1, 1),
(121, 'aafdgsfdngmnn :busts_in_silhouette: :busts_in_silhouette: :heart_eyes_cat: :heart_eyes_cat:', 1, '127.0.0.1', '2017-01-12 08:04:03', 13, 0, 1, 1),
(122, ' :haircut: :haircut:', 1, '127.0.0.1', '2017-01-12 08:04:56', 13, 0, 1, 1),
(123, ' :older_woman: :older_woman:', 1, '127.0.0.1', '2017-01-12 08:05:01', 13, 0, 1, 1),
(124, ' :-1: :-1:', 1, '127.0.0.1', '2017-01-12 08:05:49', 13, 0, 1, 1),
(125, ' :kissing_smiling_eyes: :kissing_smiling_eyes: hey What Up Brother', 3, '127.0.0.1', '2017-01-12 08:06:42', 10, 0, 1, 1),
(126, 'Ugambotya..??', 3, '127.0.0.1', '2017-01-12 08:06:57', 10, 0, 1, 1),
(127, ' :sob: :sob: tewali brother..??', 1, '127.0.0.1', '2017-01-12 08:07:14', 10, 0, 1, 1),
(128, 'hey Man Are u there..??', 3, '127.0.0.1', '2017-01-12 08:07:43', 11, 0, 1, 1),
(129, ' :relieved: :grinning: :grinning: :metal: :metal: :sob: :satisfied: please check on thee voting system, seems u got No funs Man', 1, '127.0.0.1', '2017-01-12 08:08:26', 13, 0, 1, 1),
(130, 'hh', 3, '127.0.0.1', '2017-01-12 10:42:41', 11, 0, 1, 1),
(131, 'yre now online man', 3, '127.0.0.1', '2017-01-12 10:42:58', 11, 0, 1, 1),
(132, 'hello brother', 3, '127.0.0.1', '2017-01-12 10:44:03', 12, 0, 1, 0),
(133, ' :cupid: :cupid: thanks Man', 2, '127.0.0.1', '2017-01-12 10:51:23', 11, 0, 1, 1),
(134, 'I ve Loved it..', 2, '127.0.0.1', '2017-01-12 10:51:31', 11, 0, 1, 1),
(135, ' :couple_with_heart: :couple_with_heart:', 3, '127.0.0.1', '2017-01-12 10:55:26', 11, 0, 1, 1),
(136, 'Ugambaki broTher', 3, '127.0.0.1', '2017-01-12 10:55:34', 11, 0, 1, 1),
(137, 'rgfd', 3, '127.0.0.1', '2017-01-12 10:59:06', 11, 0, 1, 1),
(138, 'sdfdf', 3, '127.0.0.1', '2017-01-12 10:59:14', 10, 0, 1, 1),
(139, 'sdf', 3, '127.0.0.1', '2017-01-12 10:59:28', 10, 0, 1, 1),
(140, 'sd', 3, '127.0.0.1', '2017-01-12 10:59:34', 10, 0, 1, 1),
(141, 'sdfsd', 3, '127.0.0.1', '2017-01-12 10:59:39', 10, 0, 1, 1),
(142, 'sadsf', 3, '127.0.0.1', '2017-01-12 10:59:44', 10, 0, 1, 1),
(143, 'ssdfs', 3, '127.0.0.1', '2017-01-12 10:59:50', 10, 0, 1, 1),
(144, 'Ugambaki Brother..', 3, '127.0.0.1', '2017-01-12 10:59:55', 10, 0, 1, 1),
(145, 'Me I have nothing much to tell u..??', 3, '127.0.0.1', '2017-01-12 11:00:08', 10, 0, 1, 1),
(146, ' :princess: :princess: u really Have Nothin g 4me..', 3, '127.0.0.1', '2017-01-12 11:00:52', 10, 0, 1, 1),
(147, 'Really.. :open_mouth: :open_mouth: :open_mouth: :open_mouth: :open_mouth: :open_mouth:', 3, '127.0.0.1', '2017-01-12 11:01:00', 10, 0, 1, 1),
(148, 'Yes i got Nothing Four U man', 1, '127.0.0.1', '2017-01-12 11:01:27', 10, 0, 1, 1),
(149, 'Have u eaten Something anyway..', 1, '127.0.0.1', '2017-01-12 11:01:34', 10, 0, 1, 1),
(150, 'Let me KNow once Ure @home', 1, '127.0.0.1', '2017-01-12 11:01:43', 10, 0, 1, 1),
(151, ' :stuck_out_tongue_closed_eyes: :stuck_out_tongue_closed_eyes: :kiss: seriously..??', 1, '127.0.0.1', '2017-01-12 11:02:04', 10, 0, 1, 1),
(152, 'Am nbot Joking bro.. :heart_eyes: :heart_eyes: :clap:', 1, '127.0.0.1', '2017-01-12 11:02:17', 10, 0, 1, 1),
(153, 'yre back online isnt it..??', 3, '127.0.0.1', '2017-01-12 11:02:43', 11, 0, 1, 1),
(154, 'i have been seeing u online', 3, '127.0.0.1', '2017-01-12 11:02:56', 11, 0, 1, 1),
(155, 'But whatsAhell are u thinking abt..??', 3, '127.0.0.1', '2017-01-12 11:03:09', 11, 0, 1, 1),
(156, 'eerfdgc', 3, '127.0.0.1', '2017-01-12 11:38:01', 11, 0, 1, 1),
(157, 'HEY mASN', 3, '127.0.0.1', '2017-01-12 11:38:16', 11, 0, 1, 1),
(158, 'ugambaki brother..??', 3, '127.0.0.1', '2017-01-12 11:38:24', 11, 0, 1, 1),
(159, ' :bow: :two_men_holding_hands: :-1: :raised_hand: :heartpulse: :unamused: :green_heart:', 3, '127.0.0.1', '2017-01-12 11:38:31', 11, 0, 1, 1),
(160, 'Hey Man, whatsapp bro..', 2, '127.0.0.1', '2017-01-12 11:39:08', 11, 0, 1, 1),
(161, 'I miss u', 2, '127.0.0.1', '2017-01-12 11:39:12', 11, 0, 1, 1),
(162, 'Hey Man', 2, '127.0.0.1', '2017-01-12 11:39:59', 11, 0, 1, 1),
(163, 'whatsapp overthere..??', 2, '127.0.0.1', '2017-01-12 11:40:05', 11, 0, 1, 1),
(164, 'Miss u Man', 2, '127.0.0.1', '2017-01-12 11:40:09', 11, 0, 1, 1),
(165, 'Thanks Man', 2, '127.0.0.1', '2017-01-12 11:41:47', 11, 0, 1, 1),
(166, 'Hey MAn', 3, '127.0.0.1', '2017-01-12 11:42:06', 10, 0, 1, 1),
(167, 'Hey]', 2, '127.0.0.1', '2017-01-12 11:42:16', 11, 0, 1, 1),
(168, ' :fire: :fire: :kissing:', 2, '127.0.0.1', '2017-01-12 11:42:23', 11, 0, 1, 1),
(169, 'Ugambaki..??', 2, '127.0.0.1', '2017-01-12 11:42:26', 11, 0, 1, 1),
(170, ' :stuck_out_tongue: :ear: :lips: :couplekiss: :relaxed: :laughing: :point_up: :woman: ahahhaha', 2, '127.0.0.1', '2017-01-12 11:42:35', 11, 0, 1, 1),
(171, ' :couplekiss: :couplekiss: Hey Brother,Kilikitya..???', 2, '127.0.0.1', '2017-01-12 11:43:11', 11, 0, 1, 1),
(172, 'ahaha', 3, '127.0.0.1', '2017-01-12 11:44:12', 11, 0, 1, 1),
(173, 'Thanks Man', 3, '127.0.0.1', '2017-01-12 11:44:16', 11, 0, 1, 1),
(174, 'Where are u Now Bro>>??', 3, '127.0.0.1', '2017-01-12 11:44:37', 11, 0, 1, 1),
(175, 'Because Am Also Worried', 3, '127.0.0.1', '2017-01-12 11:44:47', 11, 0, 1, 1),
(176, 'ahahha', 3, '127.0.0.1', '2017-01-12 11:45:06', 11, 0, 1, 1),
(177, 'Sure are u sure..??', 3, '127.0.0.1', '2017-01-12 11:45:14', 11, 0, 1, 1),
(178, ' :stuck_out_tongue_winking_eye: :sleepy: :stuck_out_tongue_winking_eye:', 2, '127.0.0.1', '2017-01-12 12:02:08', 13, 0, 1, 1),
(179, ' :woman: :woman:ip[[', 2, '127.0.0.1', '2017-01-12 12:02:12', 13, 0, 1, 1),
(180, ' :older_woman: :older_woman:', 2, '127.0.0.1', '2017-01-12 12:02:16', 13, 0, 1, 1),
(181, ' :lips: :confused: :confused:', 2, '127.0.0.1', '2017-01-12 12:02:20', 13, 0, 1, 1),
(182, ' :ok_woman: :ok_woman: :disappointed_relieved: :ear:', 1, '127.0.0.1', '2017-01-12 12:09:47', 10, 0, 1, 1),
(183, ' :kiss: :kiss: :kiss:', 1, '127.0.0.1', '2017-01-12 12:09:55', 10, 0, 1, 1),
(184, 'hhhhhhhhhhhhhhhhhhhhhhhhh', 1, '127.0.0.1', '2017-01-12 12:10:18', 10, 0, 1, 1),
(185, 'dffcbnb', 1, '127.0.0.1', '2017-01-12 12:11:08', 10, 0, 1, 1),
(186, 'eerdhgfhj', 3, '127.0.0.1', '2017-01-12 12:11:22', 10, 0, 1, 1),
(187, 'rtfhgj', 2, '127.0.0.1', '2017-01-12 12:11:27', 13, 0, 1, 1),
(188, 'eerdhgkl', 1, '127.0.0.1', '2017-01-12 12:11:30', 10, 0, 1, 1),
(189, 'hmm Nga fifty Five Nyingyi..??', 3, '127.0.0.1', '2017-01-12 12:26:39', 10, 0, 1, 1),
(190, 'are u not lying Man', 3, '127.0.0.1', '2017-01-12 12:26:46', 10, 0, 1, 1),
(191, ' :stuck_out_tongue_winking_eye: :stuck_out_tongue_winking_eye: :person_with_pouting_face: :person_with_pouting_face:', 3, '127.0.0.1', '2017-01-12 12:39:10', 10, 0, 1, 1),
(192, ' :poop: :wink: :carrot: :corn: :corn: what''s Going On Man', 3, '127.0.0.1', '2017-01-12 12:39:21', 10, 0, 1, 1),
(193, '\\Please Keep Quite Man', 3, '127.0.0.1', '2017-01-12 12:39:28', 10, 0, 1, 1),
(194, 'Am Busy', 3, '127.0.0.1', '2017-01-12 12:39:34', 10, 0, 1, 1),
(195, ' :tangerine: :tangerine: :lemon: :lemon:', 3, '127.0.0.1', '2017-01-12 12:39:40', 10, 0, 1, 1),
(196, 'cant u see it man', 3, '127.0.0.1', '2017-01-12 12:39:48', 10, 0, 1, 1),
(197, ' :apple: :apple: :apple:', 3, '127.0.0.1', '2017-01-12 12:39:54', 10, 0, 1, 1),
(198, ' :crying_cat_face: :crying_cat_face:', 3, '127.0.0.1', '2017-01-12 12:47:55', 10, 0, 1, 1),
(199, 'Hey Brother', 3, '127.0.0.1', '2017-01-12 01:04:02', 11, 0, 1, 1),
(200, 'Ugambaki Man', 3, '127.0.0.1', '2017-01-12 01:04:07', 11, 0, 1, 1),
(201, 'Ure LOst Man', 3, '127.0.0.1', '2017-01-12 01:04:13', 11, 0, 1, 1),
(202, 'Plz Update Me on whats Going On MAn', 3, '127.0.0.1', '2017-01-12 01:04:26', 11, 0, 1, 1),
(203, ' :two_women_holding_hands: :two_women_holding_hands: :two_women_holding_hands: :two_women_holding_hands: :two_women_holding_hands:', 3, '127.0.0.1', '2017-01-12 01:04:30', 11, 0, 1, 1),
(204, ' :mask: :mask:', 3, '127.0.0.1', '2017-01-12 01:04:34', 11, 0, 1, 1),
(205, ' :thumbsup:', 3, '127.0.0.1', '2017-01-12 01:04:38', 11, 0, 1, 1),
(206, 'ahham', 1, '127.0.0.1', '2017-01-12 01:15:11', 10, 0, 1, 1),
(207, 'what up Man', 1, '127.0.0.1', '2017-01-12 01:15:18', 10, 0, 1, 1),
(208, 'Hey Dero WhatsApp Man', 2, '127.0.0.1', '2017-01-12 01:15:57', 11, 0, 1, 1),
(209, ' :skull: :raising_hand: :heartpulse: :see_no_evil: :see_no_evil: :information_desk_person: :poop: Am back Online Man', 3, '127.0.0.1', '2017-01-12 01:17:14', 11, 0, 1, 1),
(210, ' :star:r :star:fd :kissing: :kissing: :kissing: :sleepy: they have Just Got Confused Man', 1, '127.0.0.1', '2017-01-12 01:19:01', 10, 0, 1, 1),
(211, ' :point_right: :disappointed: :unamused: :lips: :ear: :girl: :nail_care: :kiss: :kissing_smiling_eyes: :relaxed: :kissing_heart: :kissing_closed_eyes: :satisfied:', 1, '127.0.0.1', '2017-01-12 01:19:28', 13, 0, 1, 1),
(212, 'Hey', 1, '127.0.0.1', '2017-01-12 01:20:25', 13, 0, 1, 1),
(213, 'HEllo There', 1, '127.0.0.1', '2017-01-12 01:20:50', 13, 0, 1, 1),
(214, ' :cold_sweat: :heartpulse: Hey Man', 1, '127.0.0.1', '2017-01-12 01:30:23', 10, 0, 1, 1),
(215, 'What up Overthere..??', 1, '127.0.0.1', '2017-01-12 01:30:30', 10, 0, 1, 1),
(216, ' :green_heart: :green_heart: :ear:', 1, '127.0.0.1', '2017-01-12 01:31:35', 13, 0, 1, 1),
(217, ' are u there listening to me brother..??', 1, '127.0.0.1', '2017-01-12 01:31:46', 13, 0, 1, 1),
(218, ' :stuck_out_tongue_winking_eye: :sleepy: :sleepy:', 1, '127.0.0.1', '2017-01-12 01:31:55', 13, 0, 1, 1),
(219, ' :speak_no_evil: :speak_no_evil: What..??', 1, '127.0.0.1', '2017-01-12 01:32:03', 13, 0, 1, 1),
(220, 'ahahah i cant Really Believe Man', 2, '127.0.0.1', '2017-01-12 01:32:19', 13, 0, 1, 1),
(221, 'Ahahhaha its so special man', 2, '127.0.0.1', '2017-01-12 01:32:29', 13, 0, 1, 1),
(222, ' :sunglasses: :sunglasses:', 2, '127.0.0.1', '2017-01-12 02:19:47', 13, 0, 1, 1),
(223, ' :worried: :worried: :kiss: :punch:', 3, '127.0.0.1', '2017-01-12 02:34:48', 10, 0, 1, 1),
(224, 'Hey Man', 2, '127.0.0.1', '2017-01-12 02:35:07', 11, 0, 1, 1),
(225, 'Whatsapp brother..??', 2, '127.0.0.1', '2017-01-12 02:35:14', 11, 0, 1, 1),
(226, 'hey', 3, '127.0.0.1', '2017-01-12 02:35:34', 11, 0, 1, 1),
(227, ' :two_women_holding_hands: :two_women_holding_hands: :fire:', 3, '127.0.0.1', '2017-01-12 02:35:38', 11, 0, 1, 1),
(228, 'whatsapp brother..', 3, '127.0.0.1', '2017-01-12 02:35:43', 11, 0, 1, 1),
(229, 'Hey Man', 1, '127.0.0.1', '2017-01-12 02:45:24', 10, 0, 1, 1),
(230, 'Ugambaki Gwe..??', 1, '127.0.0.1', '2017-01-12 02:45:29', 10, 0, 1, 1),
(231, 'Miss u Man', 1, '127.0.0.1', '2017-01-12 02:45:36', 10, 0, 1, 1),
(232, ' :skull: :skull: :kiss:', 1, '127.0.0.1', '2017-01-12 02:46:11', 13, 0, 1, 1),
(233, ' :scream:', 1, '127.0.0.1', '2017-01-12 02:46:12', 13, 0, 1, 1),
(234, '', 1, '127.0.0.1', '2017-01-12 02:46:12', 13, 0, 1, 1),
(235, ' :stuck_out_tongue_winking_eye:', 1, '127.0.0.1', '2017-01-12 02:46:13', 13, 0, 1, 1),
(236, '', 1, '127.0.0.1', '2017-01-12 02:46:14', 13, 0, 1, 1),
(237, '', 1, '127.0.0.1', '2017-01-12 02:46:15', 13, 0, 1, 1),
(238, ' :sleepy: :sleepy: :sleepy:', 1, '127.0.0.1', '2017-01-12 02:46:16', 13, 0, 1, 1),
(239, 'Hey Bro How are u doing Man..??', 3, '127.0.0.1', '2017-01-12 02:51:11', 11, 0, 1, 1),
(240, ' :-1: :-1: :disappointed_relieved: :couplekiss:', 3, '127.0.0.1', '2017-01-12 02:51:30', 11, 0, 1, 1),
(241, 'AHhahhaha 37 are tooo too many Brother..??', 2, '127.0.0.1', '2017-01-12 02:51:58', 11, 0, 1, 1),
(242, 'hey', 1, '127.0.0.1', '2017-01-12 03:12:45', 13, 0, 1, 1),
(243, 'hey', 1, '127.0.0.1', '2017-01-12 03:13:07', 13, 0, 1, 1),
(244, 'Hey', 1, '127.0.0.1', '2017-01-12 03:13:31', 13, 0, 1, 1),
(245, 'What Up man', 1, '127.0.0.1', '2017-01-12 03:13:35', 13, 0, 1, 1),
(246, 'Am cool How abt you Bro..??', 2, '127.0.0.1', '2017-01-12 03:13:55', 13, 0, 1, 1),
(247, 'Hope Ure also Doing gret', 2, '127.0.0.1', '2017-01-12 03:14:07', 13, 0, 1, 1),
(248, 'dont tell me That u dont understand What yre saying', 2, '127.0.0.1', '2017-01-12 03:14:28', 13, 0, 1, 1),
(249, ' :ear: :ear: :ear: dont Worry I wont tell u Any Thing bro', 1, '127.0.0.1', '2017-01-12 03:14:44', 13, 0, 1, 1),
(250, ' :construction_worker: :construction_worker: :kissing_closed_eyes: :kissing_closed_eyes: This WEb socket Things Are Very Gret Man', 1, '127.0.0.1', '2017-01-12 03:15:04', 13, 0, 1, 1),
(251, ' :princess: :stuck_out_tongue_winking_eye: :sleeping: :sleeping:  Have U ever Tried even a single day', 2, '127.0.0.1', '2017-01-12 03:15:24', 13, 0, 1, 1),
(252, ' :green_heart: :green_heart: :green_heart: trying abt What..??', 2, '127.0.0.1', '2017-01-12 03:15:33', 13, 0, 1, 1),
(253, ' :sunglasses: :sunglasses: :sunglasses: :sunglasses: :sunglasses: Problem Is On U Niggle i Have no Hand Into this Man', 2, '127.0.0.1', '2017-01-12 03:16:00', 13, 0, 1, 1),
(254, ' :unamused: :unamused: :unamused: ahahhaahha Its Fuck it Man', 1, '127.0.0.1', '2017-01-12 03:16:20', 13, 0, 1, 1),
(255, 'Dont Tell me ANy shit', 1, '127.0.0.1', '2017-01-12 03:16:28', 13, 0, 1, 1),
(256, ' :earth_africa: :palm_tree: :palm_tree: :palm_tree:', 1, '127.0.0.1', '2017-01-12 03:16:41', 13, 0, 1, 1),
(257, ' :whale2: :whale2: :duck: :snail: :snail:', 1, '127.0.0.1', '2017-01-12 03:16:46', 13, 0, 1, 1),
(258, ' :herb: :herb:', 1, '127.0.0.1', '2017-01-12 03:16:49', 13, 0, 1, 1),
(259, ' bt are u sure..?', 1, '127.0.0.1', '2017-01-12 03:16:55', 13, 0, 1, 1),
(260, 'That what Matters Now', 1, '127.0.0.1', '2017-01-12 03:17:02', 13, 0, 1, 1),
(261, ' :smiling_imp: :smiling_imp: het', 2, '127.0.0.1', '2017-01-12 03:20:54', 13, 0, 1, 1),
(262, 'Ugambaki GWe Why are u not talking bro..??', 2, '127.0.0.1', '2017-01-12 03:21:10', 13, 0, 1, 1),
(263, ' :grin: :grin: are u done', 2, '127.0.0.1', '2017-01-12 03:21:30', 11, 0, 1, 1),
(264, 'HH', 1, '127.0.0.1', '2017-01-12 03:21:46', 13, 0, 1, 1),
(265, 'Thats Bullshit', 1, '127.0.0.1', '2017-01-12 03:21:53', 13, 0, 1, 1),
(266, 'The server has stoped already Man', 1, '127.0.0.1', '2017-01-12 03:22:04', 13, 0, 1, 1),
(267, 'rtyhgj', 1, '127.0.0.1', '2017-01-12 03:22:38', 13, 0, 1, 1),
(268, ' :waning_gibbous_moon: :waning_gibbous_moon:', 1, '127.0.0.1', '2017-01-12 03:24:18', 13, 0, 1, 1),
(269, 'Hey', 1, '127.0.0.1', '2017-01-12 03:26:50', 13, 0, 1, 1),
(270, 'Man', 1, '127.0.0.1', '2017-01-12 03:26:53', 13, 0, 1, 1),
(271, 'whatSapp', 1, '127.0.0.1', '2017-01-12 03:26:56', 13, 0, 1, 1),
(272, 'hjukh', 1, '127.0.0.1', '2017-01-12 03:35:25', 13, 0, 1, 1),
(273, ' :kissing_smiling_eyes: :kissing_smiling_eyes:', 1, '127.0.0.1', '2017-01-12 03:35:34', 13, 0, 1, 1),
(274, ' :heart_eyes: :heart_eyes:', 1, '127.0.0.1', '2017-01-12 03:35:38', 13, 0, 1, 1),
(275, 'Man', 2, '127.0.0.1', '2017-01-12 03:39:56', 13, 0, 1, 1),
(276, 'Whatsapp overthere..??', 2, '127.0.0.1', '2017-01-12 03:40:07', 13, 0, 1, 1),
(277, 'everything is good', 1, '127.0.0.1', '2017-01-12 03:40:33', 13, 0, 1, 1),
(278, 'wsdcx', 2, '127.0.0.1', '2017-01-12 03:40:59', 13, 0, 1, 1),
(279, 'Hey', 1, '127.0.0.1', '2017-01-12 03:41:24', 13, 0, 1, 1),
(280, 'What up Baby..??', 1, '127.0.0.1', '2017-01-12 03:41:32', 13, 0, 1, 1),
(281, 'Ugambaki Man', 1, '127.0.0.1', '2017-01-12 03:41:37', 13, 0, 1, 1),
(282, ' :skull: :skull: :skull:', 2, '127.0.0.1', '2017-01-12 03:41:47', 13, 0, 1, 1),
(283, ' cam we Hold On Up to like  20 Mintes We se wether this stuff will stop bro..?', 2, '127.0.0.1', '2017-01-12 03:42:13', 13, 0, 1, 1),
(284, 'Obba we leave>>??', 2, '127.0.0.1', '2017-01-12 03:42:23', 13, 0, 1, 1),
(285, 'How do u see that..??', 2, '127.0.0.1', '2017-01-12 03:42:30', 13, 0, 1, 1),
(286, 'Negative or Positive..??', 2, '127.0.0.1', '2017-01-12 03:42:37', 13, 0, 1, 1),
(287, ' :skull: :skull:its fine man', 1, '127.0.0.1', '2017-01-12 03:42:48', 13, 0, 1, 1),
(288, 'Lets Do that Then', 1, '127.0.0.1', '2017-01-12 03:42:53', 13, 0, 1, 1),
(289, ' :dragon: :dragon:', 1, '127.0.0.1', '2017-01-12 03:42:58', 13, 0, 1, 1),
(290, ' will it really  stop..??', 1, '127.0.0.1', '2017-01-12 03:43:07', 13, 0, 1, 1),
(291, 'Even you dont know in''t  it..??', 1, '127.0.0.1', '2017-01-12 03:43:28', 13, 0, 1, 1),
(292, ' :cloud: :cloud: :evergreen_tree: :evergreen_tree:', 1, '127.0.0.1', '2017-01-12 03:43:32', 13, 0, 1, 1),
(293, 'Yes My Brother../?', 1, '127.0.0.1', '2017-01-12 03:43:37', 13, 0, 1, 1),
(294, 'Things Has Changed A lot Man', 1, '127.0.0.1', '2017-01-12 03:43:47', 13, 0, 1, 1),
(295, '', 1, '127.0.0.1', '2017-01-12 03:44:03', 13, 0, 1, 1),
(296, ' :cloud: :cloud: :tiger: :haircut: :haircut: :haircut: :haircut: ahahha', 1, '127.0.0.1', '2017-01-12 03:44:10', 13, 0, 1, 1),
(297, 'what abt that man', 1, '127.0.0.1', '2017-01-12 03:44:17', 13, 0, 1, 1),
(298, 'super cute ahhaha..??', 1, '127.0.0.1', '2017-01-12 03:44:23', 13, 0, 1, 1),
(299, 'yes U love it Dont u..??', 1, '127.0.0.1', '2017-01-12 03:44:31', 13, 0, 1, 1),
(300, 'Its coll Then Keep Just In That Way Till The Day Man', 2, '127.0.0.1', '2017-01-12 03:45:16', 11, 0, 1, 1),
(301, ' :skull: :skull: Now Yre down', 1, '127.0.0.1', '2017-01-12 03:45:32', 13, 0, 1, 1),
(302, 'Im pissed Ov Man', 1, '127.0.0.1', '2017-01-12 03:45:40', 13, 0, 1, 1),
(303, 'qewd', 2, '127.0.0.1', '2017-01-12 03:49:54', 13, 0, 1, 1),
(304, 'Hey :tongue: :tongue:', 1, '127.0.0.1', '2017-01-12 03:50:00', 13, 0, 1, 1),
(305, ' :satisfied: :satisfied: :man_with_gua_pi_mao: :man_with_gua_pi_mao:', 1, '127.0.0.1', '2017-01-12 03:50:14', 13, 0, 1, 1),
(306, ' :heart_eyes_cat: :heart_eyes_cat: :angry:', 1, '127.0.0.1', '2017-01-12 03:50:20', 13, 0, 1, 1),
(307, 'GWe!!!', 1, '127.0.0.1', '2017-01-12 03:50:24', 13, 0, 1, 1),
(308, ' :kissing_closed_eyes: :kissing_closed_eyes: :kissing_closed_eyes: Aish MAn', 1, '127.0.0.1', '2017-01-12 03:50:33', 13, 0, 1, 1),
(309, ' :dove: :squid: :squid:', 1, '127.0.0.1', '2017-01-12 03:50:41', 13, 0, 1, 1),
(310, 'That''s Crazy Man', 1, '127.0.0.1', '2017-01-12 03:50:48', 13, 0, 1, 1),
(311, 'its not that crazy BT technics Man', 2, '127.0.0.1', '2017-01-12 03:51:25', 13, 0, 1, 1),
(312, ' :dragon_face: :dragon_face: :dragon_face: do u have one u normally Use..??', 1, '127.0.0.1', '2017-01-12 03:51:41', 13, 0, 1, 1),
(313, 'Hello There..??', 2, '127.0.0.1', '2017-01-12 03:53:52', 13, 0, 1, 1),
(314, 'Hey Bro', 2, '127.0.0.1', '2017-01-12 03:54:18', 13, 0, 1, 1),
(315, 'Ugambaki bro..??', 2, '127.0.0.1', '2017-01-12 03:54:26', 13, 0, 1, 1),
(316, ' :pouting_cat: :pouting_cat: :green_heart:', 2, '127.0.0.1', '2017-01-12 03:54:33', 13, 0, 1, 1),
(317, 'Ahahhaha What up Man', 2, '127.0.0.1', '2017-01-12 03:54:41', 13, 0, 1, 1),
(318, 'Hope Yre working well..??', 2, '127.0.0.1', '2017-01-12 03:54:49', 13, 0, 1, 1),
(319, ' :squid: :squid: :penguin: :penguin:', 1, '127.0.0.1', '2017-01-12 03:54:55', 13, 0, 1, 1),
(320, ' :waning_crescent_moon: :waning_crescent_moon:', 1, '127.0.0.1', '2017-01-12 03:54:59', 13, 0, 1, 1),
(321, 'Are u ready to show what you get for us Man', 1, '127.0.0.1', '2017-01-12 03:55:16', 13, 0, 1, 1),
(322, ' :whale: :earth_americas: :new_moon: :bug: :owl: :snake: :turtle:', 1, '127.0.0.1', '2017-01-12 03:55:37', 13, 0, 1, 1),
(323, 'Hey Bro', 2, '127.0.0.1', '2017-01-12 03:55:45', 13, 0, 1, 1),
(324, 'What is Going On Man..', 2, '127.0.0.1', '2017-01-12 03:55:58', 13, 0, 1, 1),
(325, 'We''re doing well..??', 1, '127.0.0.1', '2017-01-12 03:56:07', 13, 0, 1, 1),
(326, ' :disappointed: :disappointed: :nail_care:', 1, '127.0.0.1', '2017-01-12 03:56:16', 13, 0, 1, 1),
(327, 'hey', 3, '127.0.0.1', '2017-01-12 03:57:41', 11, 0, 1, 0),
(328, ' :eyes: :eyes: :worried: :worried:', 3, '127.0.0.1', '2017-01-12 03:58:41', 11, 0, 1, 0),
(329, 'Wht Up Babe..??', 3, '127.0.0.1', '2017-01-12 03:58:47', 11, 0, 1, 0),
(330, ' :japanese_ogre: :open_mouth: :nail_care: :nail_care: :dancers: :anguished: :ear: :kissing_smiling_eyes:', 3, '127.0.0.1', '2017-01-12 03:59:27', 11, 0, 1, 0),
(331, 'ahahha', 2, '127.0.0.1', '2017-01-12 04:00:43', 13, 0, 1, 1),
(332, 'Hey Man', 2, '127.0.0.1', '2017-01-12 04:00:50', 13, 0, 1, 1),
(333, ' :raising_hand: :raising_hand: :nail_care: :nail_care:', 1, '127.0.0.1', '2017-01-12 04:04:37', 13, 0, 1, 1),
(334, ' :kissing_smiling_eyes: :kissing_smiling_eyes: :skull:', 2, '127.0.0.1', '2017-01-12 04:04:47', 13, 0, 1, 1),
(335, ' :japanese_ogre: :japanese_ogre: Gwe Hav u eaten smthng Man', 2, '127.0.0.1', '2017-01-12 04:05:14', 13, 0, 1, 1),
(336, ' :couple_with_heart: :couple_with_heart: really serious..?', 2, '127.0.0.1', '2017-01-12 04:05:23', 13, 0, 1, 1),
(337, 'hy', 1, '127.0.0.1', '2017-01-12 04:13:40', 13, 0, 1, 1),
(338, 'Hello There', 2, '127.0.0.1', '2017-01-12 04:14:13', 13, 0, 1, 1),
(339, ' :kiss: :kiss: Gwe Mwana, what up brother..??', 2, '127.0.0.1', '2017-01-12 04:15:24', 13, 0, 1, 1),
(340, ' :v: :v: :smiley: :smiley: :love_letter: :love_letter:', 1, '127.0.0.1', '2017-01-12 04:31:08', 13, 0, 1, 1),
(341, 'hey', 3, '127.0.0.1', '2017-01-12 04:40:41', 11, 0, 1, 0),
(342, 'what up Brother..??', 3, '127.0.0.1', '2017-01-12 04:40:48', 11, 0, 1, 0),
(343, ' :sunglasses: :sunglasses: :sunglasses:', 2, '127.0.0.1', '2017-01-12 04:41:16', 13, 0, 1, 1),
(344, 'Hello There', 2, '127.0.0.1', '2017-01-12 04:41:25', 13, 0, 1, 1),
(345, ' :skull: :skull: :skull:', 1, '127.0.0.1', '2017-01-12 04:42:11', 13, 0, 1, 1),
(346, ' :open_mouth: :open_mouth:', 1, '127.0.0.1', '2017-01-12 04:42:16', 13, 0, 1, 1),
(347, ' :disappointed_relieved: :disappointed_relieved: :disappointed_relieved: :disappointed_relieved:', 1, '127.0.0.1', '2017-01-12 04:42:24', 10, 0, 1, 1),
(348, ' :older_woman: :older_woman:', 1, '127.0.0.1', '2017-01-12 04:42:29', 10, 0, 1, 1),
(349, 'Hey Man', 3, '127.0.0.1', '2017-01-12 05:01:42', 10, 0, 1, 1),
(350, 'Hey ERic', 8, '127.0.0.1', '2017-01-13 11:19:33', 14, 0, 1, 1),
(351, 'Hey Man', 8, '127.0.0.1', '2017-01-13 11:19:51', 14, 0, 1, 1),
(352, 'WhatUp Overthere..??', 8, '127.0.0.1', '2017-01-13 11:19:59', 14, 0, 1, 1),
(353, 'Hey Bro..?? whatsapp', 1, '127.0.0.1', '2017-01-13 11:20:46', 14, 0, 1, 1),
(354, 'Hey Whatsapp Kady..??', 1, '127.0.0.1', '2017-01-13 11:21:04', 14, 0, 1, 1),
(355, 'How is The going..??', 1, '127.0.0.1', '2017-01-13 11:21:11', 14, 0, 1, 1),
(356, ' :kiss: :kiss: :star: The going Is well as usual Eric..??', 8, '127.0.0.1', '2017-01-13 11:21:36', 14, 0, 1, 1),
(357, ' :scream: :satisfied: :clap: :clap: have u eaten something today Man', 8, '127.0.0.1', '2017-01-13 11:21:49', 14, 0, 1, 1),
(358, ' :point_up_2: :point_up_2: :wink: :grinning: :angry: :satisfied: really Try to tell me..??', 8, '127.0.0.1', '2017-01-13 11:22:00', 14, 0, 1, 1),
(359, ' :v: :baby: :relieved: :smiley: :smiley: :joy_cat: i just need man', 8, '127.0.0.1', '2017-01-13 11:22:13', 14, 0, 1, 1),
(360, 'ok I got You Man', 1, '127.0.0.1', '2017-01-13 11:22:34', 14, 0, 1, 1),
(361, 'How Is home Anyway..??', 1, '127.0.0.1', '2017-01-13 11:22:40', 14, 0, 1, 1),
(362, ' :star: :star: :speech_balloon: :speech_balloon: home is Good Bro..?', 8, '127.0.0.1', '2017-01-13 11:22:53', 14, 0, 1, 1),
(363, ' :blue_heart: :blue_heart:', 1, '127.0.0.1', '2017-01-13 11:24:47', 14, 0, 1, 1),
(364, 'Hot as I can see lady..??', 1, '127.0.0.1', '2017-01-13 11:24:54', 14, 0, 1, 1),
(365, ' :open_mouth: :open_mouth: yah Am Hot dude..??', 8, '127.0.0.1', '2017-01-13 11:25:10', 14, 0, 1, 1),
(366, ' :couple_with_heart: :couple_with_heart: am Happy for you success Man', 8, '127.0.0.1', '2017-01-13 11:26:39', 14, 0, 1, 1),
(367, ' :stuck_out_tongue_closed_eyes: :worried:', 8, '127.0.0.1', '2017-01-13 11:26:43', 14, 0, 1, 1),
(368, 'Great Man', 1, '127.0.0.1', '2017-01-13 11:26:56', 14, 0, 1, 1),
(369, 'ahhaha', 8, '127.0.0.1', '2017-01-13 11:28:05', 14, 0, 1, 1),
(370, 'Connection Try To get away Man', 8, '127.0.0.1', '2017-01-13 11:28:16', 14, 0, 1, 1),
(371, 'hbh', 8, '127.0.0.1', '2017-01-13 11:36:09', 14, 0, 1, 1),
(372, ' :-1: :-1: :green_heart: :green_heart: :unamused: :disappointed_relieved: :ear:', 1, '127.0.0.1', '2017-01-13 11:36:33', 14, 0, 1, 1),
(373, ' :two_women_holding_hands: :two_women_holding_hands: :joy_cat: :grin: :smiley: :cop: :point_down:', 1, '127.0.0.1', '2017-01-13 11:36:50', 14, 0, 1, 1),
(374, 'HEy', 8, '127.0.0.1', '2017-01-13 11:39:12', 14, 0, 1, 1),
(375, ' :eyes: :eyes: :eyes:', 8, '127.0.0.1', '2017-01-13 11:39:28', 14, 0, 1, 1),
(376, ' :kissing_smiling_eyes: :kissing_smiling_eyes:', 8, '127.0.0.1', '2017-01-13 11:39:46', 14, 0, 1, 1),
(377, ' :heart_eyes: :kissing_smiling_eyes:', 8, '127.0.0.1', '2017-01-13 11:39:51', 14, 0, 1, 1),
(378, 'ahhaha', 8, '127.0.0.1', '2017-01-13 11:52:01', 14, 0, 1, 1),
(379, 'What  up Nyabo..??ugambaki Mbweno Mushija..??', 8, '127.0.0.1', '2017-01-13 11:52:22', 14, 0, 1, 1),
(380, 'hey', 8, '127.0.0.1', '2017-01-13 12:01:43', 14, 0, 1, 1),
(381, 'Man', 8, '127.0.0.1', '2017-01-13 12:01:46', 14, 0, 1, 1),
(382, ' :couple_with_heart: :couple_with_heart:', 8, '127.0.0.1', '2017-01-13 12:01:50', 14, 0, 1, 1),
(383, 'Hey', 8, '127.0.0.1', '2017-01-13 12:02:24', 14, 0, 1, 1),
(384, ' :couple_with_heart: :couple_with_heart: :couple_with_heart:', 8, '127.0.0.1', '2017-01-13 12:02:30', 14, 0, 1, 1),
(385, ' :kiss: :kiss:\\', 8, '127.0.0.1', '2017-01-13 12:02:36', 14, 0, 1, 1),
(386, ' :couple_with_heart: :couple_with_heart:', 1, '127.0.0.1', '2017-01-13 01:07:40', 14, 0, 1, 1),
(387, 'asfx', 1, '127.0.0.1', '2017-01-13 01:09:46', 14, 0, 1, 1),
(388, ' :stuck_out_tongue_closed_eyes: :stuck_out_tongue_closed_eyes: :stuck_out_tongue_closed_eyes:', 1, '127.0.0.1', '2017-01-13 01:09:51', 14, 0, 1, 1),
(389, 'Hey Man', 1, '127.0.0.1', '2017-01-13 01:10:08', 14, 0, 1, 1),
(390, 'What Up bro..??', 1, '127.0.0.1', '2017-01-13 01:10:14', 14, 0, 1, 1),
(391, 'ahhaa\\', 1, '127.0.0.1', '2017-01-13 01:16:24', 14, 0, 1, 1),
(392, ']', 1, '127.0.0.1', '2017-01-13 01:16:30', 14, 0, 1, 1),
(393, 'are u running Now..?', 1, '127.0.0.1', '2017-01-13 01:16:37', 14, 0, 1, 1),
(394, 'Hi How are u doing?', 8, '127.0.0.1', '2017-01-13 02:13:10', 15, 0, 1, 0),
(395, 'Hey', 8, '127.0.0.1', '2017-01-13 02:13:52', 16, 0, 1, 0),
(396, 'What is New..??', 8, '127.0.0.1', '2017-01-13 02:14:01', 17, 0, 1, 0),
(397, 'Hey Hoiw are u doijng.??', 8, '127.0.0.1', '2017-01-13 02:14:12', 18, 0, 1, 0),
(398, 'Hope U will Help Me Out', 8, '127.0.0.1', '2017-01-13 02:14:23', 19, 0, 1, 1),
(399, 'Hey', 8, '127.0.0.1', '2017-01-13 02:15:05', 14, 0, 1, 1),
(400, 'whatsApp amn', 8, '127.0.0.1', '2017-01-13 02:15:10', 14, 0, 1, 1),
(401, ' :smiley: :smiley:', 2, '127.0.0.1', '2017-01-13 02:16:44', 19, 0, 1, 1),
(402, 'are u sure abt what you''re Busy Saying brother..??', 2, '127.0.0.1', '2017-01-13 02:16:58', 19, 0, 1, 1),
(403, ' :green_heart: :green_heart: :older_woman: :older_woman: :couplekiss: :couplekiss: :haircut: :lips:', 2, '127.0.0.1', '2017-01-13 02:17:06', 19, 0, 1, 1),
(404, 'Hey man', 1, '127.0.0.1', '2017-01-13 02:20:27', 10, 0, 1, 0),
(405, 'Hey WhatSpp Brother', 1, '127.0.0.1', '2017-01-13 02:24:35', 13, 0, 1, 1),
(406, ' :punch: :punch: :punch:', 1, '127.0.0.1', '2017-01-13 02:26:00', 13, 0, 1, 1),
(407, ' :green_heart: :green_heart: :love_letter: :stuck_out_tongue_closed_eyes:', 1, '127.0.0.1', '2017-01-13 02:26:22', 13, 0, 1, 1),
(408, ' :stuck_out_tongue_closed_eyes: hey Ugambaki brother..??', 1, '127.0.0.1', '2017-01-13 02:26:48', 13, 0, 1, 1),
(409, ' :kissing_smiling_eyes: :kissing_smiling_eyes: :kissing_smiling_eyes: :kissing_smiling_eyes:', 1, '127.0.0.1', '2017-01-13 02:30:06', 13, 0, 1, 1),
(410, ' :disappointed_relieved: :disappointed_relieved: :disappointed_relieved:', 1, '127.0.0.1', '2017-01-13 02:30:11', 13, 0, 1, 1),
(411, 'Hey How was your morning i''m sorry  i was a bit busy. :kissing_closed_eyes:', 2, '127.0.0.1', '2017-01-13 02:31:16', 13, 0, 1, 1),
(412, 'hey', 8, '127.0.0.1', '2017-01-13 02:44:42', 19, 0, 1, 1),
(413, 'Hey Whatsapp', 1, '127.0.0.1', '2017-01-13 03:08:55', 14, 0, 1, 1),
(414, 'Ugambaki.??', 1, '127.0.0.1', '2017-01-13 03:09:00', 14, 0, 1, 1),
(415, 'Hey MAn', 8, '127.0.0.1', '2017-01-13 03:09:23', 18, 0, 1, 0),
(416, 'Am Cool Baby..?', 8, '127.0.0.1', '2017-01-13 03:09:46', 14, 0, 1, 1),
(417, 'What Abt U Man', 8, '127.0.0.1', '2017-01-13 03:09:51', 14, 0, 1, 1),
(418, ' :kiss: :kiss: :kiss:', 8, '127.0.0.1', '2017-01-13 03:09:55', 14, 0, 1, 1),
(419, 'Hey', 2, '127.0.0.1', '2017-01-13 03:10:57', 13, 0, 1, 1),
(420, ' :worried: :worried: :worried:', 2, '127.0.0.1', '2017-01-13 03:11:06', 13, 0, 1, 1),
(421, 'hey', 8, '127.0.0.1', '2017-01-13 03:52:57', 19, 0, 1, 1),
(422, 'how are u Baby..??', 2, '127.0.0.1', '2017-01-13 03:53:13', 19, 0, 1, 1),
(423, 'are u ok//>>?', 2, '127.0.0.1', '2017-01-13 03:53:38', 19, 0, 1, 1),
(424, 'Kaki kapya Nyaboo..??', 8, '127.0.0.1', '2017-01-13 03:54:06', 19, 0, 1, 1),
(425, 'Nothing MAn', 2, '127.0.0.1', '2017-01-13 03:55:39', 19, 0, 1, 1),
(426, 'What abt you..??', 2, '127.0.0.1', '2017-01-13 03:55:46', 19, 0, 1, 1),
(427, 'aM OK', 8, '127.0.0.1', '2017-01-13 03:55:57', 19, 0, 1, 1),
(428, 'hEY', 8, '127.0.0.1', '2017-01-13 03:56:27', 19, 0, 1, 1),
(429, 'Hey', 2, '127.0.0.1', '2017-01-13 03:59:11', 19, 0, 1, 0),
(430, 'Ugambaki Man..??', 2, '127.0.0.1', '2017-01-13 03:59:19', 19, 0, 1, 0),
(431, 'Hey Man', 2, '127.0.0.1', '2017-01-13 04:00:05', 20, 0, 1, 0),
(432, 'Hey MAn, how are u doing..??', 8, '127.0.0.1', '2017-01-13 04:03:19', 21, 0, 1, 1),
(433, 'Hey MAn', 8, '127.0.0.1', '2017-01-13 04:03:38', 21, 0, 1, 1),
(434, 'Hey How are u doing to day..?', 8, '127.0.0.1', '2017-01-13 04:06:01', 21, 0, 1, 1),
(435, 'am doing well..?? how is U?? :grin: :grin:', 2, '127.0.0.1', '2017-01-13 04:06:15', 21, 0, 1, 1),
(436, 'ok  hav u eaten something today..??', 8, '127.0.0.1', '2017-01-13 04:06:30', 21, 0, 1, 1),
(437, 'you wanna take me out .. :owl: :owl:', 2, '127.0.0.1', '2017-01-13 04:06:44', 21, 0, 1, 1),
(438, 'No its not actually good for ladies taking guys out!!', 8, '127.0.0.1', '2017-01-13 04:07:04', 21, 0, 1, 1),
(439, 'am not with u., actually idont also like such bt its not that bad', 2, '127.0.0.1', '2017-01-13 04:07:36', 21, 0, 1, 1),
(440, ' :first_quarter_moon: :first_quarter_moon: :sunflower:', 2, '127.0.0.1', '2017-01-13 04:07:43', 21, 0, 1, 1),
(441, ' :maple_leaf: :star2: :bamboo:  what do u like most..??', 2, '127.0.0.1', '2017-01-13 04:08:02', 21, 0, 1, 1),
(442, 'actually I like swimming, and chatting', 8, '127.0.0.1', '2017-01-13 04:08:19', 21, 0, 1, 1),
(443, 'u got me today..', 2, '127.0.0.1', '2017-01-13 04:08:27', 21, 0, 1, 1),
(444, 'am also very happy..??', 8, '127.0.0.1', '2017-01-13 04:08:37', 21, 0, 1, 1),
(445, 'i got go talk to u later', 2, '127.0.0.1', '2017-01-13 04:08:53', 21, 0, 1, 0),
(446, 'Hey how are u doing Man', 8, '127.0.0.1', '2017-01-13 04:14:01', 22, 0, 1, 1),
(447, 'hey Willy..??', 8, '127.0.0.1', '2017-01-13 04:16:25', 22, 0, 1, 1),
(448, 'How are u doing', 8, '127.0.0.1', '2017-01-13 04:16:29', 22, 0, 1, 1),
(449, 'am doing well..??', 2, '127.0.0.1', '2017-01-13 04:16:40', 22, 0, 1, 1),
(450, 'how are u doing..??', 2, '127.0.0.1', '2017-01-13 04:16:45', 22, 0, 1, 1),
(451, ' :stuck_out_tongue_closed_eyes: :stuck_out_tongue_closed_eyes:m ', 8, '127.0.0.1', '2017-01-13 04:16:52', 22, 0, 1, 1),
(452, 'not bad actually', 8, '127.0.0.1', '2017-01-13 04:16:58', 22, 0, 1, 1),
(453, ' :cry: :cry: :cry: im not happy', 2, '127.0.0.1', '2017-01-13 04:17:07', 22, 0, 1, 1),
(454, 'why..?? mi friend..??', 8, '127.0.0.1', '2017-01-13 04:17:18', 22, 0, 1, 1),
(455, 'I''m Hungry..?? :sweat_drops: :sweat_drops:', 2, '127.0.0.1', '2017-01-13 04:17:30', 22, 0, 1, 1),
(456, 'ahahhaha yre kidding me Man', 8, '127.0.0.1', '2017-01-13 04:17:40', 22, 0, 1, 1),
(457, 'Im serious..', 2, '127.0.0.1', '2017-01-13 04:17:48', 22, 0, 1, 1),
(458, 'Hey', 2, '127.0.0.1', '2017-01-13 04:24:51', 22, 0, 1, 1),
(459, 'whatspp', 2, '127.0.0.1', '2017-01-13 04:24:55', 22, 0, 1, 1),
(460, 'am Good', 8, '127.0.0.1', '2017-01-13 04:25:33', 22, 0, 1, 1),
(461, 'How are u doing..?', 8, '127.0.0.1', '2017-01-13 04:25:39', 22, 0, 1, 1),
(462, 'Seriously..??', 8, '127.0.0.1', '2017-01-13 04:26:00', 22, 0, 1, 1),
(463, 'Yes i''m responsive', 2, '127.0.0.1', '2017-01-13 04:26:08', 22, 0, 1, 1),
(464, 'i''m here to bring abt change in web application..', 2, '127.0.0.1', '2017-01-13 04:26:24', 22, 0, 1, 1),
(465, 'Hey Goodmng..?', 2, '127.0.0.1', '2017-01-15 04:39:10', 22, 0, 1, 1),
(466, 'Hey Good mng..??', 8, '127.0.0.1', '2017-01-15 04:39:48', 22, 0, 1, 1),
(467, 'Hi How are u doing..??', 8, '127.0.0.1', '2017-01-15 04:41:32', 22, 0, 1, 1),
(468, ' :fire: :fire: :kissing: hav u eaten smthng since mng..??', 8, '127.0.0.1', '2017-01-15 04:41:46', 22, 0, 1, 1),
(469, 'No ididnt man', 2, '127.0.0.1', '2017-01-15 04:42:01', 22, 0, 1, 1),
(470, 'anyway how are u doing..??', 2, '127.0.0.1', '2017-01-15 04:42:12', 22, 0, 1, 1),
(471, ' :green_heart: :green_heart:', 2, '127.0.0.1', '2017-01-15 04:42:16', 22, 0, 1, 1),
(472, ' :baby: :baby: love Babies../', 2, '127.0.0.1', '2017-01-15 04:42:23', 22, 0, 1, 1),
(473, 'aare i sure..??', 8, '127.0.0.1', '2017-01-15 04:42:36', 22, 0, 1, 1),
(474, 'yah am sure man', 2, '127.0.0.1', '2017-01-15 04:42:58', 22, 0, 1, 1),
(475, ' :worried: :worried: how was yr night by thge way..??', 2, '127.0.0.1', '2017-01-15 04:43:11', 22, 0, 1, 1),
(476, 'Was quite Good How abt yours..//', 8, '127.0.0.1', '2017-01-15 04:43:25', 22, 0, 1, 1),
(477, ' :smiling_imp: :smiling_imp: hahaha', 8, '127.0.0.1', '2017-01-15 04:43:31', 22, 0, 1, 1),
(478, 'are un ok..??', 2, '127.0.0.1', '2017-01-15 04:43:37', 22, 0, 1, 1),
(479, 'yes am fine,  why..??', 8, '127.0.0.1', '2017-01-15 04:43:48', 22, 0, 1, 1),
(480, 'smiley is funny..??', 2, '127.0.0.1', '2017-01-15 04:43:56', 22, 0, 1, 1),
(481, 'looks sad..??', 2, '127.0.0.1', '2017-01-15 04:44:02', 22, 0, 1, 1),
(482, 'No its just like am hungry', 8, '127.0.0.1', '2017-01-15 04:44:17', 22, 0, 1, 1),
(483, ' :unamused: :unamused: :unamused:', 8, '127.0.0.1', '2017-01-15 04:44:24', 22, 0, 1, 1),
(484, ' are ready./?', 2, '127.0.0.1', '2017-01-15 04:44:26', 22, 0, 1, 1),
(485, 'Hey Man', 2, '127.0.0.1', '2017-01-15 05:05:24', 22, 0, 1, 1),
(486, 'Cool Wangu...?', 8, '127.0.0.1', '2017-01-15 05:05:41', 22, 0, 1, 1),
(487, 'are u there..??', 2, '127.0.0.1', '2017-01-15 05:06:29', 22, 0, 1, 1),
(488, 'are u really there.?', 2, '127.0.0.1', '2017-01-15 05:06:41', 22, 0, 1, 1),
(489, 'hey Man', 8, '127.0.0.1', '2017-01-15 05:10:26', 22, 0, 1, 1),
(490, 'hey', 2, '127.0.0.1', '2017-01-15 05:10:42', 22, 0, 1, 1),
(491, 'ugambaki gwe..??', 2, '127.0.0.1', '2017-01-15 05:10:48', 22, 0, 1, 1),
(492, 'Hmm am cool Man', 8, '127.0.0.1', '2017-01-15 05:11:00', 22, 0, 1, 1),
(493, 'Hey Man', 2, '127.0.0.1', '2017-01-15 05:13:06', 22, 0, 1, 1),
(494, 'Ugambaki..?? Gwe..??', 8, '127.0.0.1', '2017-01-15 05:13:20', 22, 0, 1, 1),
(495, 'ahahaha', 2, '127.0.0.1', '2017-01-15 05:14:00', 22, 0, 1, 1),
(496, 'Hey', 2, '127.0.0.1', '2017-01-15 05:40:50', 22, 0, 1, 1),
(497, 'Hey', 8, '127.0.0.1', '2017-01-15 05:41:15', 22, 0, 1, 1),
(498, 'HOW ARE U', 2, '127.0.0.1', '2017-01-15 05:41:30', 22, 0, 1, 1),
(499, 'hELLO THERFE..??', 2, '127.0.0.1', '2017-01-15 05:42:42', 22, 0, 1, 1),
(500, 'gWE..??', 8, '127.0.0.1', '2017-01-15 05:42:55', 22, 0, 1, 1),
(501, 'uGAMBOTYA..??', 8, '127.0.0.1', '2017-01-15 05:43:04', 22, 0, 1, 1),
(502, 'nOTHING mAN', 2, '127.0.0.1', '2017-01-15 05:43:15', 22, 0, 1, 1),
(503, 'oK,', 8, '127.0.0.1', '2017-01-15 05:43:24', 22, 0, 1, 1),
(504, 'sO HOW ARE U bRO..??', 8, '127.0.0.1', '2017-01-15 05:43:30', 22, 0, 1, 1),
(505, 'hey', 2, '127.0.0.1', '2017-01-15 05:44:39', 22, 0, 1, 1),
(506, 'What ujp Bro', 2, '127.0.0.1', '2017-01-15 05:44:43', 22, 0, 1, 1),
(507, 'He;pp', 8, '127.0.0.1', '2017-01-15 05:44:52', 22, 0, 1, 1),
(508, ' :worried: :worried:', 2, '127.0.0.1', '2017-01-15 05:45:03', 22, 0, 1, 1),
(509, 'Great Man', 2, '127.0.0.1', '2017-01-15 05:45:08', 22, 0, 1, 1),
(510, 'Hello there', 8, '127.0.0.1', '2017-01-15 05:45:19', 22, 0, 1, 1),
(511, 'Gwe Man', 2, '127.0.0.1', '2017-01-15 05:47:19', 22, 0, 1, 1),
(512, 'Am coll Man', 8, '127.0.0.1', '2017-01-15 05:47:35', 22, 0, 1, 1),
(513, 'WhatSANew..??', 8, '127.0.0.1', '2017-01-15 05:47:50', 22, 0, 1, 1),
(514, 'AHHAHAH', 2, '127.0.0.1', '2017-01-15 05:48:00', 22, 0, 1, 1),
(515, 'Hello There Man', 2, '127.0.0.1', '2017-01-15 05:49:56', 22, 0, 1, 1),
(516, 'Cool How are u doing..??', 8, '127.0.0.1', '2017-01-15 05:50:38', 22, 0, 1, 1),
(517, 'Hey', 2, '127.0.0.1', '2017-01-15 05:50:46', 22, 0, 1, 1),
(518, 'Am cool how are u doing..??', 8, '127.0.0.1', '2017-01-15 05:51:25', 22, 0, 1, 1),
(519, 'Am cool how is u..??', 2, '127.0.0.1', '2017-01-15 05:51:57', 22, 0, 1, 1),
(520, 'Gwe Msza.??', 2, '127.0.0.1', '2017-01-15 05:52:08', 22, 0, 1, 1),
(521, 'Something NEw..??', 2, '127.0.0.1', '2017-01-15 05:52:21', 22, 0, 1, 1),
(522, 'Gwe..??', 2, '127.0.0.1', '2017-01-15 06:04:53', 22, 0, 1, 1),
(523, 'hey', 2, '127.0.0.1', '2017-01-15 06:06:27', 22, 0, 1, 1),
(524, 'What up Man', 2, '127.0.0.1', '2017-01-15 06:06:32', 22, 0, 1, 1),
(525, 'Hey Man', 8, '127.0.0.1', '2017-01-16 05:20:02', 22, 0, 1, 1),
(526, 'Cool whatsApp', 2, '127.0.0.1', '2017-01-16 05:20:21', 22, 0, 1, 1),
(527, 'eehh its Not Activating man', 2, '127.0.0.1', '2017-01-16 05:20:49', 22, 0, 1, 1),
(528, 'ahmm yeah', 8, '127.0.0.1', '2017-01-16 05:21:03', 22, 0, 1, 1),
(529, 'Are u sure Man', 2, '127.0.0.1', '2017-01-16 05:21:26', 22, 0, 1, 1),
(530, 'Gwe..?? Oliwa>>', 2, '127.0.0.1', '2017-01-16 05:24:10', 22, 0, 1, 1),
(531, 'Hey Man am serious..???', 2, '127.0.0.1', '2017-01-16 05:24:44', 22, 0, 1, 1),
(532, 'Yah', 8, '127.0.0.1', '2017-01-16 05:25:02', 22, 0, 1, 1),
(533, 'Am also serious..??', 8, '127.0.0.1', '2017-01-16 05:25:15', 22, 0, 1, 1),
(534, 'Okakasa..??', 2, '127.0.0.1', '2017-01-16 05:25:30', 22, 0, 1, 1),
(535, 'Hmmm', 2, '127.0.0.1', '2017-01-16 05:26:58', 22, 0, 1, 1),
(536, 'ahahahhahahahahaa', 2, '127.0.0.1', '2017-01-16 05:27:05', 22, 0, 1, 1),
(537, 'ahahha, Oseka..?', 8, '127.0.0.1', '2017-01-16 05:27:27', 22, 0, 1, 1),
(538, 'Oseka Ki..??', 2, '127.0.0.1', '2017-01-16 05:27:39', 22, 0, 1, 1),
(539, 'Hey', 2, '127.0.0.1', '2017-01-16 05:32:17', 22, 0, 1, 1),
(540, 'What is New..??', 2, '127.0.0.1', '2017-01-16 05:32:39', 22, 0, 1, 1),
(541, 'Gwe..??', 8, '127.0.0.1', '2017-01-16 05:33:12', 22, 0, 1, 1),
(542, 'Ugambaki..??', 8, '127.0.0.1', '2017-01-16 05:33:18', 22, 0, 1, 1),
(543, 'Tewali/..??', 2, '127.0.0.1', '2017-01-16 05:33:28', 22, 0, 1, 1),
(544, 'Hi', 2, '127.0.0.1', '2017-01-16 05:40:40', 22, 0, 1, 1),
(545, 'Ugambaki..??', 2, '127.0.0.1', '2017-01-16 05:40:46', 22, 0, 1, 1),
(546, 'Hey', 8, '127.0.0.1', '2017-01-16 05:40:59', 22, 0, 1, 1),
(547, 'Nothing Man', 8, '127.0.0.1', '2017-01-16 05:41:10', 22, 0, 1, 1),
(548, 'Sure..??74', 2, '127.0.0.1', '2017-01-16 05:41:11', 22, 0, 1, 1),
(549, ' :kiss: :kiss: :kissing_smiling_eyes:', 2, '127.0.0.1', '2017-01-16 05:41:44', 22, 0, 1, 1),
(550, 'Thanks Bro', 8, '127.0.0.1', '2017-01-16 05:42:00', 22, 0, 1, 1),
(551, 'Hey Man', 8, '127.0.0.1', '2017-01-16 05:44:50', 22, 0, 1, 1),
(552, 'Hey Man', 2, '127.0.0.1', '2017-01-16 05:45:47', 22, 0, 1, 1),
(553, 'Hello there', 2, '127.0.0.1', '2017-01-16 05:54:16', 22, 0, 1, 1),
(554, 'hahahahha', 2, '127.0.0.1', '2017-01-16 05:56:47', 22, 0, 1, 1),
(555, 'Hey Bro.?', 8, '127.0.0.1', '2017-01-16 05:57:49', 22, 0, 1, 1),
(556, 'Hey Man', 2, '127.0.0.1', '2017-01-16 05:58:38', 22, 0, 1, 1),
(557, ' :stuck_out_tongue_closed_eyes: :stuck_out_tongue_closed_eyes: :stuck_out_tongue_closed_eyes:', 2, '127.0.0.1', '2017-01-16 05:59:38', 22, 0, 1, 1),
(558, ' :grin: :grin:', 2, '127.0.0.1', '2017-01-16 06:00:20', 22, 0, 1, 1),
(559, ' :kissing_smiling_eyes: :kissing_smiling_eyes: :kissing_smiling_eyes:', 2, '127.0.0.1', '2017-01-16 06:00:38', 22, 0, 1, 1),
(560, 'Gwe WhatsaNew There..??', 8, '127.0.0.1', '2017-01-16 06:01:50', 22, 0, 1, 1),
(561, 'We''re cool Ugambaki..??', 2, '127.0.0.1', '2017-01-16 06:02:15', 22, 0, 1, 1),
(562, 'Hey Man', 8, '127.0.0.1', '2017-01-16 06:03:26', 22, 0, 1, 1),
(563, 'whatsaNew..??', 8, '127.0.0.1', '2017-01-16 06:03:36', 22, 0, 1, 1),
(564, 'Ugambaki..?', 2, '127.0.0.1', '2017-01-16 06:04:04', 22, 0, 1, 1),
(565, 'ahahaha', 2, '127.0.0.1', '2017-01-16 06:05:57', 22, 0, 1, 1),
(566, 'are u sure..??', 2, '127.0.0.1', '2017-01-16 06:06:17', 22, 0, 1, 1),
(567, ' Yes Am sure..??', 8, '127.0.0.1', '2017-01-16 06:06:31', 22, 0, 1, 1);
INSERT INTO `conversation_reply` (`crID`, `crReply`, `crUserFK`, `crIP`, `crTime`, `crConFK`, `attachment`, `user_one_read`, `user_two_read`) VALUES
(568, 'Health is the level of functional and metabolic efficiency of a living organism. In humans it is the ability of individuals or communities to adapt and self-manage when facing physical, mental or social changes.[1] The World Health Organization (WHO) defined health in its broader sense in its 1948 constitution as "a state of complete physical, mental, and social well-being and not merely the absence of disease or infirmity."[2][3] This definition has been subject to controversy, in particular as lacking operational value, the ambiguity in developing cohesive health strategies, and because of the problem created by use of the word "complete".[4][5][6] Other definitions have been proposed, among which a recent definition that correlates health and personal satisfaction.[7] [8] Classification systems such as the WHO Family of International Classifications, including the International Classification of Functioning, Disability and Health (ICF) and the International Classification of Diseases (ICD), are commonly used to define and measure the components of health.', 8, '127.0.0.1', '2017-01-16 06:07:41', 22, 0, 1, 1),
(569, 'No this  Health is the level of functional and metabolic efficiency of a living organism. In humans it is the ability of individuals or communities to adapt and self-manage when facing physical, mental or social changes.[1] The World Health Organization (WHO) defined health in its broader sense in its 1948 constitution as "a state of complete physical, mental, and social well-being and not merely the absence of disease or infirmity."[2][3] This definition has been subject to controversy, in particular as lacking operational value, the ambiguity in developing cohesive health strategies, and because of the problem created by use of the word "complete".[4][5][6] Other definitions have been proposed, among which a recent definition that correlates health and personal satisfaction.[7] [8] Classification systems such as the WHO Family of International Classifications, including the International Classification of Functioning, Disability and Health (ICF) and the International Classification of Diseases (ICD), are commonly used to define and measure the components of health.', 2, '127.0.0.1', '2017-01-16 06:08:17', 22, 0, 1, 1),
(570, 'Hey', 2, '127.0.0.1', '2017-01-16 06:10:26', 22, 0, 1, 1),
(571, 'Health is the level of functional and metabolic efficiency of a living organism. In humans it is the ability of individuals or communities to adapt and self-manage when facing physical, mental or social changes.[1] The World Health Organization (WHO) defined health in its broader sense in its 1948 constitution as "a state of complete physical, mental, and social well-being and not merely the absence of disease or infirmity."[2][3] This definition has been subject to controversy, in particular as lacking operational value, the ambiguity in developing cohesive health strategies, and because of the problem created by use of the word "complete".[4][5][6] Other definitions have been proposed, among which a recent definition that correlates health and personal satisfaction.[7] [8] Classification systems such as the WHO Family of International Classifications, including the International Classification of Functioning, Disability and Health (ICF) and the International Classification of Diseases (ICD), are commonly used to define and measure the components of health.', 2, '127.0.0.1', '2017-01-16 06:10:32', 22, 0, 1, 1),
(572, 'Mugyebale..??', 2, '127.0.0.1', '2017-01-16 06:10:53', 22, 0, 1, 1),
(573, 'ahsha', 8, '127.0.0.1', '2017-01-16 06:11:23', 22, 0, 1, 1),
(574, 'WhatsaNew By the way..??', 2, '127.0.0.1', '2017-01-16 06:12:03', 22, 0, 1, 1),
(575, 'Health is the level of functional and metabolic efficiency of a living organism. In humans it is the ability of individuals or communities to adapt and self-manage when facing physical, mental or social changes.[1] The World Health Organization (WHO) defined health in its broader sense in its 1948 constitution as "a state of complete physical, mental, and social well-being and not merely the absence of disease or infirmity."[2][3] This definition has been subject to controversy, in particular as lacking operational value, the ambiguity in developing cohesive health strategies, and because of the problem created by use of the word "complete".[4][5][6] Other definitions have been proposed, among which a recent definition that correlates health and personal satisfaction.[7] [8] Classification systems such as the WHO Family of International Classifications, including the International Classification of Functioning, Disability and Health (ICF) and the International Classification of Diseases (ICD), are commonly used to define and measure the components of health.', 2, '127.0.0.1', '2017-01-16 06:12:09', 22, 0, 1, 1),
(576, 'Hey', 8, '127.0.0.1', '2017-01-16 06:12:23', 22, 0, 1, 1),
(577, 'Cool', 2, '127.0.0.1', '2017-01-16 06:12:42', 22, 0, 1, 1),
(578, 'ugambaki..??', 2, '127.0.0.1', '2017-01-16 06:12:48', 22, 0, 1, 1),
(579, 'Hi', 8, '127.0.0.1', '2017-01-16 06:16:55', 23, 0, 1, 1),
(580, 'Hi', 8, '127.0.0.1', '2017-01-16 06:17:09', 23, 0, 1, 1),
(581, 'How are u dear..??', 2, '127.0.0.1', '2017-01-16 06:17:28', 23, 0, 1, 1),
(582, 'Am cool', 8, '127.0.0.1', '2017-01-16 06:17:40', 23, 0, 1, 1),
(583, 'whatsaNew bebe..??', 8, '127.0.0.1', '2017-01-16 06:17:46', 23, 0, 1, 1),
(584, 'Nothing Much', 2, '127.0.0.1', '2017-01-16 06:17:58', 23, 0, 1, 1),
(585, ' :sweat_drops: :sweat_drops:', 8, '127.0.0.1', '2017-01-16 06:18:30', 23, 0, 1, 1),
(586, ' :grin: :grin:', 8, '127.0.0.1', '2017-01-16 06:18:33', 23, 0, 1, 1),
(587, ' :disappointed_relieved: :disappointed_relieved: :disappointed_relieved:', 8, '127.0.0.1', '2017-01-16 06:18:36', 23, 0, 1, 1),
(588, 'So what Man', 2, '127.0.0.1', '2017-01-16 06:18:42', 23, 0, 1, 1),
(589, 'Hav u eaten Smthng New>>??', 2, '127.0.0.1', '2017-01-16 06:18:51', 23, 0, 1, 1),
(590, 'ahahaha', 2, '127.0.0.1', '2017-01-16 06:19:25', 23, 0, 1, 1),
(591, 'yre kidding me man', 2, '127.0.0.1', '2017-01-16 06:19:30', 23, 0, 1, 1),
(592, 'Sure', 2, '127.0.0.1', '2017-01-16 06:20:21', 23, 0, 1, 1),
(593, 'Hello there..??', 8, '127.0.0.1', '2017-01-16 07:20:28', 23, 0, 1, 1),
(594, 'Gwe..?', 1, '127.0.0.1', '2017-01-16 07:20:37', 13, 0, 1, 1),
(595, 'Musagya..??', 1, '127.0.0.1', '2017-01-16 07:20:44', 13, 0, 1, 1),
(596, 'Am good How are u..??', 2, '127.0.0.1', '2017-01-16 07:21:01', 13, 0, 1, 1),
(597, 'Are u sure..??', 2, '127.0.0.1', '2017-01-16 07:21:37', 13, 0, 1, 1),
(598, 'Hey', 1, '127.0.0.1', '2017-01-16 07:22:51', 13, 0, 1, 1),
(599, 'HEY', 1, '127.0.0.1', '2017-01-16 07:33:14', 13, 0, 1, 1),
(600, 'Hey', 8, '127.0.0.1', '2017-01-16 07:35:27', 23, 0, 1, 1),
(601, 'How are u??', 2, '127.0.0.1', '2017-01-16 07:35:58', 23, 0, 1, 1),
(602, ' :stuck_out_tongue_closed_eyes: :stuck_out_tongue_closed_eyes:', 8, '127.0.0.1', '2017-01-16 07:36:07', 23, 0, 1, 1),
(603, ' :speech_balloon: :speech_balloon:', 8, '127.0.0.1', '2017-01-16 07:36:13', 23, 0, 1, 1),
(604, 'are u Ok..??', 8, '127.0.0.1', '2017-01-16 07:36:19', 23, 0, 1, 1),
(605, 'Yes Am fine', 2, '127.0.0.1', '2017-01-16 07:36:26', 23, 0, 1, 1),
(606, ' :sweat_drops: :sweat_drops:', 8, '127.0.0.1', '2017-01-16 07:37:15', 23, 0, 1, 1),
(607, ' :worried: :worried: that looks Like Hell', 8, '127.0.0.1', '2017-01-16 07:37:23', 23, 0, 1, 1),
(608, ' :sleepy: :sleepy:', 8, '127.0.0.1', '2017-01-16 07:37:47', 23, 0, 1, 1),
(609, 'Seriously Guys Ure Joking Man..?? :speak_no_evil: :speak_no_evil:', 8, '127.0.0.1', '2017-01-16 07:38:05', 23, 0, 1, 1),
(610, 'Hey', 8, '127.0.0.1', '2017-01-16 08:12:21', 23, 0, 1, 1),
(611, ' :two_women_holding_hands: :two_women_holding_hands:', 8, '127.0.0.1', '2017-01-16 08:12:25', 23, 0, 1, 1),
(612, 'Hey', 8, '127.0.0.1', '2017-01-16 08:36:50', 23, 0, 1, 1),
(613, 'WhatsaPP..??', 8, '127.0.0.1', '2017-01-16 08:36:55', 23, 0, 1, 1),
(614, 'Gwe >>??', 2, '127.0.0.1', '2017-01-16 08:37:05', 23, 0, 1, 1),
(615, 'Ugambaki..??', 2, '127.0.0.1', '2017-01-16 08:37:10', 23, 0, 1, 1),
(616, ' :heartpulse: :heartpulse: :star:', 2, '127.0.0.1', '2017-01-16 08:37:18', 23, 0, 1, 1),
(617, 'Hey Man', 1, '127.0.0.1', '2017-01-16 08:37:52', 13, 0, 1, 1),
(618, 'WhatsApp..overthere..??', 1, '127.0.0.1', '2017-01-16 08:37:59', 13, 0, 1, 1),
(619, 'ahhaha This Is Crzay ', 8, '127.0.0.1', '2017-01-16 08:38:14', 23, 0, 1, 1),
(620, 'Where are u bro>>??', 8, '127.0.0.1', '2017-01-16 08:38:21', 23, 0, 1, 1),
(621, 'Am @home Hommies :construction_worker: :construction_worker: :construction_worker: :construction_worker: :construction_worker:', 2, '127.0.0.1', '2017-01-16 08:38:45', 23, 0, 1, 1),
(622, ' :heart_eyes_cat: :heart_eyes_cat: :heart_eyes_cat: :heart_eyes_cat: :heart_eyes_cat:', 2, '127.0.0.1', '2017-01-16 08:38:49', 23, 0, 1, 1),
(623, ' :couplekiss: :couplekiss: :tongue: :tongue: :girl:', 1, '127.0.0.1', '2017-01-16 08:39:10', 14, 0, 1, 1),
(624, 'We''re fine Man', 2, '127.0.0.1', '2017-01-16 08:39:51', 13, 0, 1, 1),
(625, 'Why are u Harrassing Us Niggle..??', 2, '127.0.0.1', '2017-01-16 08:40:00', 13, 0, 1, 1),
(626, 'Hey', 2, '127.0.0.1', '2017-01-16 08:41:22', 23, 0, 1, 1),
(627, 'Gwe lilly..??', 2, '127.0.0.1', '2017-01-16 08:41:39', 23, 0, 1, 1),
(628, 'Hey How are u doing..??', 8, '127.0.0.1', '2017-01-16 08:42:13', 23, 0, 1, 1),
(629, 'Am ok', 2, '127.0.0.1', '2017-01-16 08:42:27', 23, 0, 1, 1),
(630, 'hEY', 1, '127.0.0.1', '2017-01-16 08:51:48', 13, 0, 1, 1),
(631, 'Mugyebale mwe.??', 1, '127.0.0.1', '2017-01-16 08:51:57', 13, 0, 1, 1),
(632, ' :-1: :-1: :-1: :older_woman: :older_woman:', 1, '127.0.0.1', '2017-01-16 08:52:08', 14, 0, 1, 1),
(633, ' :kissing_smiling_eyes: :kissing_smiling_eyes: i i dont care', 1, '127.0.0.1', '2017-01-16 08:52:24', 14, 0, 1, 1),
(634, 'ahahha', 8, '127.0.0.1', '2017-01-16 08:52:34', 14, 0, 1, 1),
(635, 'fine thanks', 8, '127.0.0.1', '2017-01-16 08:52:42', 14, 0, 1, 1),
(636, 'Hey Whatsapp brother..??', 2, '127.0.0.1', '2017-01-16 08:52:58', 23, 0, 1, 1),
(637, 'Hey Buddy how are u doing today..??', 2, '127.0.0.1', '2017-01-16 08:58:07', 23, 0, 1, 1),
(638, 'oohh i''m doing well Man', 8, '127.0.0.1', '2017-01-16 08:58:21', 23, 0, 1, 1),
(639, 'ooh great', 2, '127.0.0.1', '2017-01-16 08:59:05', 23, 0, 1, 1),
(640, 'Hey Bro', 2, '127.0.0.1', '2017-01-16 09:12:40', 23, 0, 1, 1),
(641, ' :v: :v: :v: am good how are u doing..??', 8, '127.0.0.1', '2017-01-16 09:12:56', 23, 0, 1, 1),
(642, 'sure..??', 2, '127.0.0.1', '2017-01-16 09:13:11', 23, 0, 1, 1),
(643, 'Let me hope so man', 8, '127.0.0.1', '2017-01-16 09:13:19', 23, 0, 1, 1),
(644, 'alright c u :green_heart: :green_heart:', 2, '127.0.0.1', '2017-01-16 09:13:29', 23, 0, 1, 1),
(645, 'Bye', 8, '127.0.0.1', '2017-01-16 09:13:36', 23, 0, 1, 1),
(646, ' :stuck_out_tongue_closed_eyes: :stuck_out_tongue_closed_eyes:', 8, '127.0.0.1', '2017-01-16 09:31:41', 14, 0, 1, 1),
(647, 'Hey', 2, '127.0.0.1', '2017-01-16 09:36:41', 13, 0, 1, 1),
(648, ' :nail_care: :nail_care:', 1, '127.0.0.1', '2017-01-16 09:37:00', 13, 0, 1, 0),
(649, ' :grin: :grin: Gwe..??', 1, '127.0.0.1', '2017-01-16 09:37:06', 13, 0, 1, 0),
(650, 'Hey', 2, '127.0.0.1', '2017-01-16 09:55:40', 23, 0, 1, 1),
(651, 'What Up brother..??', 8, '127.0.0.1', '2017-01-16 09:55:52', 23, 0, 1, 0);

-- --------------------------------------------------------

--
-- Table structure for table `users`
--

CREATE TABLE IF NOT EXISTS `users` (
`uID` int(11) NOT NULL,
  `firstname` varchar(100) NOT NULL,
  `Lastname` varchar(50) DEFAULT NULL,
  `email` varchar(60) NOT NULL,
  `password` varchar(64) NOT NULL,
  `profile` varchar(120) NOT NULL,
  `joined` datetime NOT NULL
) ENGINE=InnoDB AUTO_INCREMENT=9 DEFAULT CHARSET=latin1;

--
-- Dumping data for table `users`
--

INSERT INTO `users` (`uID`, `firstname`, `Lastname`, `email`, `password`, `profile`, `joined`) VALUES
(1, 'Eric', 'hagumimana', 'erichagumimana@gmail.com', '$2y$10$j8RDMX0.YmryydNzuS.Gcep6rNVs52tI.UYyvqp3Gnao1P1uu5Ihe', '1483969520s_003.jpg', '2016-12-27 08:22:18'),
(2, 'Willy', 'smith', 'smith@gmail.com', '$2y$10$ppbq/ugdo33L9AbtRXLmnu4OmXfK8OVXZaHWMkQR9XKdFp08Nlwrm', 'martin.jpg', '2016-12-13 03:11:10'),
(3, 'Dero', 'Morghan', 'dero@gmail.com', '$2y$10$5/3zqzjZiDjorEUPRW9eXu8ovY3B5XzgSZhN4hoMAI4VqxZHow8DK', 'milo.jpg', '2016-12-27 03:11:12'),
(4, 'Chris', 'Brawn', 'christ@gmail.com', '$2y$10$.fVeIIbNtLep8Q.tjiJfqu7aagU62HzMyhXfTy326gJvPP2y2eGsq', 'swag.jpg', '2016-12-27 12:25:28'),
(5, 'Morgan', 'lawu', 'lawu@gmail.com', '$2y$10$tF9G3syLBMpv1NNrvdbQIe3oENjPnWmnBWp5QEIbMfUuaEwWxP2c6', 'danny.jpg', '2016-12-27 12:29:45'),
(6, 'Morgan Chang', 'lawu', 'lawuchang@gmail.com', '$2y$10$9kKyBVTAksjG1uj8u/LqSuiAuSARu6KLu9/TEhfqP6mtW6qoTab1q', '', '2016-12-27 12:31:24'),
(7, 'King', 'Kong', 'king@gmail.com', '$2y$10$/2yP3vmXw6F6VhlFoynENeS5v/jqh4LoQBCR38CwhJdaqMsh5p122', '', '2016-12-27 19:42:26'),
(8, 'Rilly', 'May mac', 'rilly@gmail.com', '$2y$10$pzZSbM0u6TTipgpv7sx2U.xtIpWwDuAlgj6YmPmOZ4Kdp34C1qEZa', '14843024429a04326620d935a611902cb28cb.jpg', '2017-01-13 10:39:04');

-- --------------------------------------------------------

--
-- Table structure for table `user_online`
--

CREATE TABLE IF NOT EXISTS `user_online` (
`id` int(12) NOT NULL,
  `session` char(100) NOT NULL DEFAULT '',
  `userId` int(5) NOT NULL,
  `status` varchar(12) NOT NULL,
  `time` int(11) NOT NULL DEFAULT '0'
) ENGINE=InnoDB AUTO_INCREMENT=13 DEFAULT CHARSET=latin1;

--
-- Dumping data for table `user_online`
--

INSERT INTO `user_online` (`id`, `session`, `userId`, `status`, `time`) VALUES
(8, '8718fda0bue9rrt685ac99hgp3', 8, 'Online', 1484556954),
(11, 'fsf6cmlfbh7tsf552kpb1ck7f6', 1, 'Online', 1484556950),
(12, 'pjojpshigbcg2dsrct8005v7i2', 2, 'Online', 1484556950);

--
-- Indexes for dumped tables
--

--
-- Indexes for table `conversation`
--
ALTER TABLE `conversation`
 ADD PRIMARY KEY (`coID`), ADD KEY `coUserOne` (`coUserOne`), ADD KEY `coUserTwo` (`coUserTwo`);

--
-- Indexes for table `conversation_reply`
--
ALTER TABLE `conversation_reply`
 ADD PRIMARY KEY (`crID`), ADD KEY `crUserFK` (`crUserFK`), ADD KEY `crConFK` (`crConFK`);

--
-- Indexes for table `users`
--
ALTER TABLE `users`
 ADD PRIMARY KEY (`uID`);

--
-- Indexes for table `user_online`
--
ALTER TABLE `user_online`
 ADD PRIMARY KEY (`id`);

--
-- AUTO_INCREMENT for dumped tables
--

--
-- AUTO_INCREMENT for table `conversation`
--
ALTER TABLE `conversation`
MODIFY `coID` int(11) NOT NULL AUTO_INCREMENT,AUTO_INCREMENT=24;
--
-- AUTO_INCREMENT for table `conversation_reply`
--
ALTER TABLE `conversation_reply`
MODIFY `crID` int(11) NOT NULL AUTO_INCREMENT,AUTO_INCREMENT=652;
--
-- AUTO_INCREMENT for table `users`
--
ALTER TABLE `users`
MODIFY `uID` int(11) NOT NULL AUTO_INCREMENT,AUTO_INCREMENT=9;
--
-- AUTO_INCREMENT for table `user_online`
--
ALTER TABLE `user_online`
MODIFY `id` int(12) NOT NULL AUTO_INCREMENT,AUTO_INCREMENT=13;
--
-- Constraints for dumped tables
--

--
-- Constraints for table `conversation`
--
ALTER TABLE `conversation`
ADD CONSTRAINT `conversation_ibfk_1` FOREIGN KEY (`coUserOne`) REFERENCES `users` (`uID`),
ADD CONSTRAINT `conversation_ibfk_2` FOREIGN KEY (`coUserTwo`) REFERENCES `users` (`uID`);

--
-- Constraints for table `conversation_reply`
--
ALTER TABLE `conversation_reply`
ADD CONSTRAINT `conversation_reply_ibfk_1` FOREIGN KEY (`crUserFK`) REFERENCES `users` (`uID`),
ADD CONSTRAINT `conversation_reply_ibfk_2` FOREIGN KEY (`crConFK`) REFERENCES `conversation` (`coID`);

/*!40101 SET CHARACTER_SET_CLIENT=@OLD_CHARACTER_SET_CLIENT */;
/*!40101 SET CHARACTER_SET_RESULTS=@OLD_CHARACTER_SET_RESULTS */;
/*!40101 SET COLLATION_CONNECTION=@OLD_COLLATION_CONNECTION */;
